domain,proposed_ownership_type,proposed_geo_alignment,proposed_political_leaning,proposed_credibility_tier,proposed_label_confidence,proposed_review_status,evidence_url_1,evidence_url_2,review_note,reviewer,reviewed_at
jpost.com,private,,,,,,,"https://www.jpost.com/landedpages/aboutus.aspx","ownership_round2: Jerusalem Post states Eli Azur retains ownership",codex,2026-06-26
bangkokbiznews.com,private,,,,,needs_review,,"https://en.wikipedia.org/wiki/Nation_Group","ownership_round2: Nation Group commercial media ownership; bias and factuality still lack exact third-party rating",codex,2026-06-26
straitstimes.com,private,,,,,,,"https://en.wikipedia.org/wiki/SPH_Media","ownership_round2: SPH Media owns The Straits Times; mapped to private non-state media company",codex,2026-06-26
businesstimes.com.sg,private,,center,,medium,reviewed,https://www.allsides.com/news-source/business-times-media-bias,https://en.wikipedia.org/wiki/SPH_Media,"rating_round2: AllSides rates The Business Times Center; ownership_round2: SPH Media owns The Business Times",codex,2026-06-26
thenationalnews.com,private,,,,,,,"https://imimedia.com/","ownership_round2: IMI describes itself as privately-owned media group",codex,2026-06-26
hindustantimes.com,private,,,,,,,"https://pakistan.mom-gmr.org/en/owners/companies/detail/company/company/show/ht-media/","ownership_round2: Media Ownership Monitor identifies HT Media commercial ownership",codex,2026-06-26
timesofindia.indiatimes.com,private,,,,,,,"https://en.wikipedia.org/wiki/The_Times_of_India","ownership_round2: Times of India owned by Bennett Coleman and Co. Ltd.; mapped to private",codex,2026-06-26
freemalaysiatoday.com,private,,,,,,,"https://www.freemalaysiatoday.com/about","ownership_round2: FMT site identifies FMT Media Sdn Bhd and leadership",codex,2026-06-26
zaobao.com,private,,,,,needs_review,,"https://en.wikipedia.org/wiki/SPH_Media","ownership_round2: SPH Media owns Lianhe Zaobao; bias and factuality still lack exact third-party rating",codex,2026-06-26
scmp.com,private,,,,,,,"https://corp.scmp.com/our-company","ownership_round2: SCMP corporate history states Alibaba acquisition",codex,2026-06-26
haberturk.com,private,,,,,needs_review,,"https://turkey.mom-rsf.org/en/owners/companies/detail/company//ciner-group-1/","ownership_round2: Media Ownership Monitor records Ciner ownership; bias and factuality still need current exact rating after ownership change reports",codex,2026-06-26
lanacion.com.ar,private,,,,,,,"https://network.thetrustproject.org/partner/la-nacion","ownership_round2: Trust Project lists La Nacion as privately held",codex,2026-06-26
csmonitor.com,nonprofit,,,,,,,"https://www.csmonitor.com/About","ownership_round2: CSM says it is owned by The First Church of Christ Scientist; mapped to nonprofit",codex,2026-06-26
clarin.com,private,,,,,,,"https://argentina.mom-gmr.org/en/owners/companies/detail/company//grupo-clarin-1/","ownership_round2: Media Ownership Monitor company page for Grupo Clarin",codex,2026-06-26
asiaone.com,private,,,,,needs_review,,"https://en.wikipedia.org/wiki/AsiaOne","ownership_round2: AsiaOne operated as joint venture between mm2 Asia and SPH Media; bias and factuality still lack exact third-party rating",codex,2026-06-26
nationthailand.com,private,,,,,needs_review,,"https://en.wikipedia.org/wiki/The_Nation_(Thailand)","ownership_round2: The Nation owned by Nation Group; bias and factuality still lack exact third-party rating",codex,2026-06-26
lefigaro.fr,private,,,,,,,"https://en.wikipedia.org/wiki/Le_Figaro","ownership_round2: Le Figaro commercial ownership mapped to private",codex,2026-06-26
eltiempo.com,private,,,,,reviewed,https://ground.news/interest/el-tiempo,https://en.wikipedia.org/wiki/El_Tiempo_(Colombia),"rating_round2: Ground News lists bias and factuality as unknown; ownership_round2: El Tiempo commercial ownership mapped to private",codex,2026-06-26
prothomalo.com,private,,,,,needs_review,,"https://en.wikipedia.org/wiki/Prothom_Alo","ownership_round2: Prothom Alo commercial publisher mapped to private; bias and factuality still lack exact third-party rating",codex,2026-06-26
hurriyetdailynews.com,private,,,,,,,"https://en.wikipedia.org/wiki/Hurriyet_Daily_News","ownership_round2: Hurriyet Daily News ownership mapped to private commercial media",codex,2026-06-26
dailymaverick.co.za,private,,,,,,,"https://www.dailymaverick.co.za/about/","ownership_round2: Daily Maverick corporate/about page used for private independent media mapping",codex,2026-06-26
news24.com,private,,,,,,,"https://en.wikipedia.org/wiki/News24_(website)","ownership_round2: News24 ownership mapped to private commercial media",codex,2026-06-26
phnompenhpost.com,private,,,,,needs_review,,"https://apnews.com/article/8b0abbc3e4c7be382053aff1631b8e74","ownership_round2: AP reports Post ownership/publisher context; bias and factuality still lack exact third-party rating",codex,2026-06-26
latercera.com,private,,,,,,,"https://en.wikipedia.org/wiki/La_Tercera","ownership_round2: La Tercera ownership mapped to private commercial media",codex,2026-06-26
faz.net,nonprofit,,,,,,,"https://germany.mom-gmr.org/en/owners/individual-owners/owner/fazit-foundation-115746","ownership_round2: Media Ownership Monitor describes FAZIT Foundation nonprofit structure",codex,2026-06-26
premiumtimesng.com,private,,,,,,,"https://www.premiumtimesng.com/about-us","ownership_round2: Premium Times about page used for private independent media mapping",codex,2026-06-26
news.thaipbs.or.th,,,,,,needs_review,,"https://en.wikipedia.org/wiki/Thai_Public_Broadcasting_Service","review_round2: kept political unknown; public broadcaster ownership already set; exact third-party bias rating still needed",codex,2026-06-26
nzherald.co.nz,private,,,,,,,"https://en.wikipedia.org/wiki/The_New_Zealand_Herald","ownership_round2: NZ Herald ownership mapped to private commercial media",codex,2026-06-26
kyivindependent.com,nonprofit,,,,,,,"https://kyivindependent.com/about/","ownership_round2: Kyiv Independent describes independent member-supported newsroom; mapped to nonprofit/community-funded",codex,2026-06-26
liputan6.com,private,,,,,,,"https://en.wikipedia.org/wiki/Liputan_6","ownership_round2: Liputan6 ownership mapped to private commercial media",codex,2026-06-26
dn.pt,private,,,,,needs_review,,"https://en.wikipedia.org/wiki/Di%C3%A1rio_de_Not%C3%ADcias","ownership_round2: Diario de Noticias commercial ownership mapped to private; bias and factuality still lack exact third-party rating",codex,2026-06-26
gulfnews.com,private,,,,,,,"https://en.wikipedia.org/wiki/Gulf_News","ownership_round2: Gulf News ownership mapped to private commercial media",codex,2026-06-26
smh.com.au,private,,,,,,,"https://en.wikipedia.org/wiki/The_Sydney_Morning_Herald","ownership_round2: SMH ownership mapped to private commercial media",codex,2026-06-26
koreaherald.com,private,,,,,,,"https://en.wikipedia.org/wiki/The_Korea_Herald","ownership_round2: Korea Herald ownership mapped to private commercial media",codex,2026-06-26
elcomercio.pe,private,,,,,reviewed,https://ground.news/interest/el-comercio,https://en.wikipedia.org/wiki/El_Comercio_(Peru),"rating_round2: Ground News lists bias and factuality as unknown; ownership_round2: El Comercio commercial ownership mapped to private",codex,2026-06-26
yomiuri.co.jp,private,,,,,,,"https://en.wikipedia.org/wiki/Yomiuri_Shimbun","ownership_round2: Yomiuri ownership mapped to private commercial media",codex,2026-06-26
africanews.com,private,,,,,,,"https://en.wikipedia.org/wiki/Africanews","ownership_round2: Africanews ownership mapped to private commercial media",codex,2026-06-26
indianexpress.com,private,,,,,,,"https://en.wikipedia.org/wiki/The_Indian_Express","ownership_round2: Indian Express ownership mapped to private commercial media",codex,2026-06-26
thestar.com,private,,,,,,,"https://en.wikipedia.org/wiki/Toronto_Star","ownership_round2: Toronto Star ownership mapped to private commercial media",codex,2026-06-26
detik.com,private,,,,,needs_review,,"https://en.wikipedia.org/wiki/Detik.com","ownership_round2: Detik commercial ownership mapped to private; bias and factuality still lack exact third-party rating",codex,2026-06-26
thehindu.com,private,,,,,,,"https://en.wikipedia.org/wiki/The_Hindu","ownership_round2: The Hindu ownership mapped to private commercial media",codex,2026-06-26
bangkokpost.com,private,,,,,,,"https://www.bangkokpost.co.th/corporate_info/board","ownership_round2: Bangkok Post corporate board/company page used for private commercial media mapping",codex,2026-06-26
elespectador.com,private,,,,,reviewed,https://ground.news/interest/el-espectador,https://en.wikipedia.org/wiki/El_Espectador,"rating_round2: Ground News lists bias and factuality as unknown; ownership_round2: El Espectador commercial ownership mapped to private",codex,2026-06-26
folha.uol.com.br,private,,,,,reviewed,https://ground.news/interest/folhacombr,https://en.wikipedia.org/wiki/Folha_de_S.Paulo,"rating_round2: Ground News lists bias and factuality as unknown; ownership_round2: Folha commercial ownership mapped to private",codex,2026-06-26
theglobeandmail.com,private,,,,,,,"https://en.wikipedia.org/wiki/The_Globe_and_Mail","ownership_round2: Globe and Mail ownership mapped to private commercial media",codex,2026-06-26
arabnews.com,private,,,,,,,"https://en.wikipedia.org/wiki/Arab_News","ownership_round2: Arab News ownership mapped to private commercial media",codex,2026-06-26
abc.es,private,,,,,,,"https://en.wikipedia.org/wiki/ABC_(newspaper)","ownership_round2: ABC Spain ownership mapped to private commercial media",codex,2026-06-26
kompas.com,private,,,,,,,"https://en.wikipedia.org/wiki/Kompas_(newspaper)","ownership_round2: Kompas ownership mapped to private commercial media",codex,2026-06-26
theguardian.com,nonprofit,,,,,,,"https://www.theguardian.com/about/history","ownership_round2: Scott Trust ownership reinvests profits in journalism; mapped to nonprofit/trust",codex,2026-06-26
arynews.tv,private,,center_right,medium,medium,reviewed,https://mediabiasfactcheck.com/ary-news-bias-and-credibility/,"https://mediabiasfactcheck.com/ary-news-bias-and-credibility/","rating_round2: MBFC rates ARY Right-Center and Mostly Factual with medium credibility; ownership_round2: same report lists commercial ARY Group ownership",codex,2026-06-26
thedailystar.net,private,,,,,reviewed,https://ground.news/interest/the-daily-star_5f3b12,https://en.wikipedia.org/wiki/The_Daily_Star_(Bangladesh),"rating_round2: Ground News Bangladesh page lists bias and factuality as unknown; ownership_round2: Daily Star commercial ownership mapped to private",codex,2026-06-26
nikkei.com,private,,,,,,,"https://en.wikipedia.org/wiki/The_Nikkei","ownership_round2: Nikkei ownership mapped to private commercial media",codex,2026-06-26
thejakartapost.com,private,,,,,,,"https://en.wikipedia.org/wiki/The_Jakarta_Post","ownership_round2: Jakarta Post ownership mapped to private commercial media",codex,2026-06-26
eluniversal.com.mx,private,,left,,medium,reviewed,https://ground.news/interest/el-universal,https://en.wikipedia.org/wiki/El_Universal_(Mexico_City),"rating_round2: Ground News and AllSides rate El Universal Left while factuality remains unknown; ownership_round2: commercial ownership mapped to private",codex,2026-06-26
theage.com.au,private,,,,,,,"https://en.wikipedia.org/wiki/The_Age","ownership_round2: The Age ownership mapped to private commercial media",codex,2026-06-26
publico.pt,private,,,,,reviewed,https://ground.news/interest/publico_f8d3f6,https://en.wikipedia.org/wiki/P%C3%BAblico_(Portugal),"rating_round2: Ground News lists Publico Portugal bias and factuality as unknown; ownership_round2: commercial ownership mapped to private",codex,2026-06-26
asahi.com,private,,,,,,,"https://en.wikipedia.org/wiki/The_Asahi_Shimbun","ownership_round2: Asahi ownership mapped to private commercial media",codex,2026-06-26
geo.tv,private,,,,,,,"https://en.wikipedia.org/wiki/Geo_News","ownership_round2: Geo News ownership mapped to private commercial media",codex,2026-06-26
dawnnews.tv,private,,,,,,,"https://en.wikipedia.org/wiki/Dawn_News","ownership_round2: Dawn News ownership mapped to private commercial media",codex,2026-06-26
thestar.com.my,party_affiliated,,,,,,,"https://en.wikipedia.org/wiki/The_Star_(Malaysia)","ownership_round2: The Star Malaysia is associated with MCA ownership; mapped to party_affiliated",codex,2026-06-26
channelnewsasia.com,state,,,,,,,"https://en.wikipedia.org/wiki/CNA_(TV_network)","ownership_round2: CNA owned by Mediacorp; Mediacorp is state-owned through Temasek; mapped to state",codex,2026-06-26
bisnis.com,private,,,,,needs_review,,"https://en.wikipedia.org/wiki/Bisnis_Indonesia","ownership_round2: Bisnis Indonesia commercial ownership mapped to private; bias and factuality still lack exact third-party rating",codex,2026-06-26
haaretz.com,private,,,,,,,"https://en.wikipedia.org/wiki/Haaretz","ownership_round2: Haaretz ownership mapped to private commercial media",codex,2026-06-26
philstar.com,private,,,,,,,"https://en.wikipedia.org/wiki/The_Philippine_Star","ownership_round2: Philippine Star ownership mapped to private commercial media",codex,2026-06-26
