domain,site_id,source_name,country,region,region_code,source_type,layer,priority_tier,ownership_type,geo_alignment,political_leaning,credibility_tier,label_confidence,evidence_url,evidence_note,review_status,article_count_snapshot,profile_version,updated_at
abc.es,abc_es,ABC,Spain,europe,EU,national_major_media,media_narrative,P1,private,western,right,high,high,https://ground.news/interest/abc_52916d,seeded_from_historical_wave1_targets; ground_news_rating_v1: Ground News lists ABC Spain as Right and High factuality; review_import: ownership_round2: ABC Spain ownership mapped to private commercial media; secondary_evidence=https://en.wikipedia.org/wiki/ABC_(newspaper); reviewer=codex; reviewed_at=2026-06-26,reviewed,735,media_profile_seed_v1,2026-06-26 12:56:24.237179+00:00
afp.com,afp_global,AFP,France,global,GL,wire_service,wire_fast,P0,wire_service,western,center,high,high,https://mediabiasfactcheck.com/agence-france-presse-afp/,seeded_from_historical_wave1_targets; ownership inferred structurally from source_type=wire_service; structural_review_v1: wire service credibility seed; political leaning requires external rating; mbfc_rating_v1: Media Bias/Fact Check lists AFP as Least Biased and High factuality,reviewed,83,media_profile_seed_v1,2026-06-26 12:27:17.857632+00:00
africanews.com,africanews,Africanews,International,africa,AF,regional_major_media,media_narrative,P1,private,global_south,center_left,high,high,https://ground.news/interest/africa-news,seeded_from_historical_wave1_targets; geo_alignment_rule_v1: inferred from curated country/region for source-composition grouping; not a political-bias label; ground_news_rating_v1: Ground News lists Africa News as Lean Left and High factuality; review_import: ownership_round2: Africanews ownership mapped to private commercial media; secondary_evidence=https://en.wikipedia.org/wiki/Africanews; reviewer=codex; reviewed_at=2026-06-26,reviewed,1938,media_profile_seed_v1,2026-06-26 12:56:24.237106+00:00
aljazeera.net,aljazeera_net,Al Jazeera,Qatar,middle_east,ME,global_major_media,media_narrative,P0,state,middle_east,state_aligned,medium,medium,https://www.aljazeera.com/about-us,"seeded_from_historical_wave1_targets; geo_alignment_rule_v1: inferred from curated country/region for source-composition grouping; not a political-bias label; institutional_override_v1: Al Jazeera says it is funded in part by the Qatari government; state_aligned is institutional, not a left/right rating",reviewed,26680,media_profile_seed_v1,2026-06-26 12:27:17.876415+00:00
ansa.it,ansa_it,ANSA,Italy,europe,EU,wire_service,wire_fast,P0,wire_service,western,center,high,high,https://ground.news/interest/ansa,seeded_from_historical_wave1_targets; ownership inferred structurally from source_type=wire_service; structural_review_v1: wire service credibility seed; political leaning requires external rating; ground_news_rating_v1: Ground News lists ANSA as Center and High factuality,reviewed,2115,media_profile_seed_v1,2026-06-26 12:27:17.858264+00:00
apnews.com,ap_world,AP News,United States,global,GL,wire_service,wire_fast,P0,wire_service,western,center_left,high,high,https://ground.news/interest/associated-press-news,seeded_from_historical_wave1_targets; ownership inferred structurally from source_type=wire_service; structural_review_v1: wire service credibility seed; political leaning requires external rating; ground_news_rating_v1: Ground News lists Associated Press News as Lean Left and Very High factuality,reviewed,7256,media_profile_seed_v1,2026-06-26 12:27:17.842216+00:00
arabnews.com,arab_news,Arab News,Saudi Arabia,middle_east,ME,national_major_media,media_narrative,P1,private,middle_east,center_right,medium,high,https://ground.news/interest/arab-news_02f792,seeded_from_historical_wave1_targets; ground_news_rating_v1: Ground News lists Arab News as Lean Right and Mixed factuality; review_import: ownership_round2: Arab News ownership mapped to private commercial media; secondary_evidence=https://en.wikipedia.org/wiki/Arab_News; reviewer=codex; reviewed_at=2026-06-26,reviewed,741,media_profile_seed_v1,2026-06-26 12:56:24.237172+00:00
arynews.tv,arynews_tv,ARY News,Pakistan,south_asia,SA,national_major_media,media_narrative,P1,private,global_south,center_right,medium,medium,https://mediabiasfactcheck.com/ary-news-bias-and-credibility/,seeded_from_historical_wave1_targets; geo_alignment_rule_v1: inferred from curated country/region for source-composition grouping; not a political-bias label; review_import: rating_round2: MBFC rates ARY Right-Center and Mostly Factual with medium credibility; ownership_round2: same report lists commercial ARY Group ownership; secondary_evidence=https://mediabiasfactcheck.com/ary-news-bias-and-credibility/; reviewer=codex; reviewed_at=2026-06-26,reviewed,419,media_profile_seed_v1,2026-06-26 12:56:24.237201+00:00
asahi.com,asahi_com,The Asahi Shimbun,Japan,asia,AS,national_major_media,media_narrative,P0,private,western,center_left,high,high,https://ground.news/interest/asahi,seeded_from_historical_wave1_targets; ground_news_rating_v1: Ground News lists Asahi as Lean Left and High factuality; review_import: ownership_round2: Asahi ownership mapped to private commercial media; secondary_evidence=https://en.wikipedia.org/wiki/The_Asahi_Shimbun; reviewer=codex; reviewed_at=2026-06-26,reviewed,167,media_profile_seed_v1,2026-06-26 12:56:24.237251+00:00
asiaone.com,asiaone_com,AsiaOne,Singapore,asia,AS,regional_major_media,media_narrative,P1,private,global_south,unknown,unknown,low,http://www.asiaone.com,seeded_from_historical_wave1_targets; geo_alignment_rule_v1: inferred from curated country/region for source-composition grouping; not a political-bias label; review_import: ownership_round2: AsiaOne operated as joint venture between mm2 Asia and SPH Media; bias and factuality still lack exact third-party rating; secondary_evidence=https://en.wikipedia.org/wiki/AsiaOne; reviewer=codex; reviewed_at=2026-06-26,needs_review,18457,media_profile_seed_v1,2026-06-26 12:56:24.236960+00:00
bangkokbiznews.com,bangkokbiznews_com,Bangkok Biz News,Thailand,asia,AS,national_major_media,media_narrative,P1,private,global_south,unknown,unknown,low,http://www.bangkokbiznews.com,seeded_from_historical_wave1_targets; geo_alignment_rule_v1: inferred from curated country/region for source-composition grouping; not a political-bias label; review_import: ownership_round2: Nation Group commercial media ownership; bias and factuality still lack exact third-party rating; secondary_evidence=https://en.wikipedia.org/wiki/Nation_Group; reviewer=codex; reviewed_at=2026-06-26,needs_review,26905,media_profile_seed_v1,2026-06-26 12:56:24.236862+00:00
bangkokpost.com,bangkok_post,Bangkok Post,Thailand,asia,AS,national_major_media,media_narrative,P1,private,global_south,center_right,medium,high,https://ground.news/interest/bangkok-post,seeded_from_historical_wave1_targets; geo_alignment_rule_v1: inferred from curated country/region for source-composition grouping; not a political-bias label; ground_news_rating_v1: Ground News lists Bangkok Post as Lean Right and Mixed factuality; review_import: ownership_round2: Bangkok Post corporate board/company page used for private commercial media mapping; secondary_evidence=https://www.bangkokpost.co.th/corporate_info/board; reviewer=codex; reviewed_at=2026-06-26,reviewed,1182,media_profile_seed_v1,2026-06-26 12:56:24.237147+00:00
bbc.com,bbc_com,BBC,United Kingdom,global,GL,global_major_media,media_narrative,P0,public,western,center,high,high,https://ground.news/interest/bbc-news_bf95f4,seeded_from_historical_wave1_targets; ground_news_rating_v1: Ground News lists BBC News as Center and Very High factuality,reviewed,26605,media_profile_seed_v1,2026-06-26 12:27:17.845840+00:00
bisnis.com,bisnis_com,Bisnis,Indonesia,asia,AS,national_major_media,media_narrative,P1,private,global_south,unknown,unknown,low,http://www.bisnis.com,seeded_from_historical_wave1_targets; geo_alignment_rule_v1: inferred from curated country/region for source-composition grouping; not a political-bias label; review_import: ownership_round2: Bisnis Indonesia commercial ownership mapped to private; bias and factuality still lack exact third-party rating; secondary_evidence=https://en.wikipedia.org/wiki/Bisnis_Indonesia; reviewer=codex; reviewed_at=2026-06-26,needs_review,99,media_profile_seed_v1,2026-06-26 12:56:24.237283+00:00
bloomberg.com,bloomberg_politics,Bloomberg,United States,global,GL,business_media,media_narrative,P1,private,western,center_left,high,high,https://ground.news/interest/bloomberg,seeded_from_historical_wave1_targets; ground_news_rating_v1: Ground News lists Bloomberg as Lean Left and Very High factuality,reviewed,24815,media_profile_seed_v1,2026-06-26 12:27:17.846607+00:00
bundesregierung.de,bundesregierung_de,German Federal Government,Germany,europe,EU,executive_government,official_direct,P1,government,western,state_aligned,medium,medium,https://www.bundesregierung.de,seeded_from_historical_wave1_targets; ownership inferred structurally from source_type=executive_government; structural_review_v1: official/intergovernmental source treated as institutional state_aligned; credibility remains medium pending external factuality rating,reviewed,909,media_profile_seed_v1,2026-06-26 11:41:11.086662+00:00
businesstimes.com.sg,businesstimes_com_sg,The Business Times,Singapore,asia,AS,business_media,media_narrative,P1,private,global_south,center,unknown,medium,https://www.allsides.com/news-source/business-times-media-bias,seeded_from_historical_wave1_targets; geo_alignment_rule_v1: inferred from curated country/region for source-composition grouping; not a political-bias label; review_import: rating_round2: AllSides rates The Business Times Center; ownership_round2: SPH Media owns The Business Times; secondary_evidence=https://en.wikipedia.org/wiki/SPH_Media; reviewer=codex; reviewed_at=2026-06-26,reviewed,26622,media_profile_seed_v1,2026-06-26 12:56:24.236883+00:00
cbsnews.com,cbsnews_com,CBS News,United States,north_america,NA,global_major_media,media_narrative,P0,private,western,center,high,high,https://ground.news/interest/cbs-news,seeded_from_historical_wave1_targets; ground_news_rating_v1: Ground News lists CBS News as Center and Very High factuality,reviewed,25651,media_profile_seed_v1,2026-06-26 12:27:17.853192+00:00
channelnewsasia.com,channelnewsasia_com,CNA,Singapore,asia,AS,regional_major_media,media_narrative,P0,state,global_south,center,high,high,https://ground.news/interest/channel-news-asia,seeded_from_historical_wave1_targets; geo_alignment_rule_v1: inferred from curated country/region for source-composition grouping; not a political-bias label; ground_news_rating_v1: Ground News lists Channel News Asia as Center and Very High factuality; review_import: ownership_round2: CNA owned by Mediacorp; Mediacorp is state-owned through Temasek; mapped to state; secondary_evidence=https://en.wikipedia.org/wiki/CNA_(TV_network); reviewer=codex; reviewed_at=2026-06-26,reviewed,100,media_profile_seed_v1,2026-06-26 12:56:24.237277+00:00
clarin.com,clarin_mundo,Clarin,Argentina,latin_america,LA,national_major_media,media_narrative,P1,private,global_south,center_right,high,high,https://ground.news/interest/clarin_5fa6ca,seeded_from_historical_wave1_targets; ground_news_rating_v1: Ground News lists Clarin as Lean Right and High factuality; review_import: ownership_round2: Media Ownership Monitor company page for Grupo Clarin; secondary_evidence=https://argentina.mom-gmr.org/en/owners/companies/detail/company//grupo-clarin-1/; reviewer=codex; reviewed_at=2026-06-26,reviewed,23797,media_profile_seed_v1,2026-06-26 12:56:24.236954+00:00
csmonitor.com,csmonitor_com,The Christian Science Monitor,United States,global,GL,global_major_media,media_narrative,P1,nonprofit,western,center,high,high,https://ground.news/interest/the-christian-science-monitor,seeded_from_historical_wave1_targets; ground_news_rating_v1: Ground News lists The Christian Science Monitor as Center and Very High factuality; review_import: ownership_round2: CSM says it is owned by The First Church of Christ Scientist; mapped to nonprofit; secondary_evidence=https://www.csmonitor.com/About; reviewer=codex; reviewed_at=2026-06-26,reviewed,24367,media_profile_seed_v1,2026-06-26 12:56:24.236948+00:00
dailymaverick.co.za,dailymaverick,Daily Maverick,South Africa,africa,AF,national_major_media,media_narrative,P1,private,global_south,center,high,high,https://ground.news/interest/daily-maverick,seeded_from_historical_wave1_targets; ground_news_rating_v1: Ground News lists Daily Maverick as Center and High factuality; review_import: ownership_round2: Daily Maverick corporate/about page used for private independent media mapping; secondary_evidence=https://www.dailymaverick.co.za/about/; reviewer=codex; reviewed_at=2026-06-26,reviewed,9824,media_profile_seed_v1,2026-06-26 12:56:24.236999+00:00
dawnnews.tv,dawnnews_tv,Dawn News,Pakistan,south_asia,SA,national_major_media,media_narrative,P0,private,global_south,center_left,medium,medium,https://ground.news/interest/dawn_a02aa2,"seeded_from_historical_wave1_targets; geo_alignment_rule_v1: inferred from curated country/region for source-composition grouping; not a political-bias label; ground_news_rating_v1: Ground News lists Dawn as Lean Left and High factuality; MBFC lists Dawn mostly factual/medium credibility, so mapped to medium; review_import: ownership_round2: Dawn News ownership mapped to private commercial media; secondary_evidence=https://en.wikipedia.org/wiki/Dawn_News; reviewer=codex; reviewed_at=2026-06-26",reviewed,136,media_profile_seed_v1,2026-06-26 12:56:24.237264+00:00
detik.com,detik_com,Detik,Indonesia,asia,AS,national_major_media,media_narrative,P1,private,global_south,unknown,unknown,low,https://news.detik.com,seeded_from_historical_wave1_targets; geo_alignment_rule_v1: inferred from curated country/region for source-composition grouping; not a political-bias label; review_import: ownership_round2: Detik commercial ownership mapped to private; bias and factuality still lack exact third-party rating; secondary_evidence=https://en.wikipedia.org/wiki/Detik.com; reviewer=codex; reviewed_at=2026-06-26,needs_review,1449,media_profile_seed_v1,2026-06-26 12:56:24.237134+00:00
diplomatie.gouv.fr,france_diplomatie,France Diplomatie,France,europe,EU,foreign_ministry,official_direct,P1,government,western,state_aligned,medium,medium,https://www.diplomatie.gouv.fr,seeded_from_historical_wave1_targets; ownership inferred structurally from source_type=foreign_ministry; structural_review_v1: official/intergovernmental source treated as institutional state_aligned; credibility remains medium pending external factuality rating,reviewed,6704,media_profile_seed_v1,2026-06-26 11:41:11.086690+00:00
dn.pt,dn_pt,Diario de Noticias,Portugal,europe,EU,national_major_media,media_narrative,P1,private,western,unknown,unknown,low,https://www.dn.pt,seeded_from_historical_wave1_targets; geo_alignment_rule_v1: inferred from curated country/region for source-composition grouping; not a political-bias label; review_import: ownership_round2: Diario de Noticias commercial ownership mapped to private; bias and factuality still lack exact third-party rating; secondary_evidence=https://en.wikipedia.org/wiki/Di%C3%A1rio_de_Not%C3%ADcias; reviewer=codex; reviewed_at=2026-06-26,needs_review,5336,media_profile_seed_v1,2026-06-26 12:56:24.237067+00:00
dpa.com,dpa_com,dpa,Germany,europe,EU,wire_service,wire_fast,P1,wire_service,western,center,high,high,https://mediabiasfactcheck.com/deutsche-presse-agentur-dpa/,seeded_from_historical_wave1_targets; ownership inferred structurally from source_type=wire_service; structural_review_v1: wire service credibility seed; political leaning requires external rating; mbfc_rating_v1: Media Bias/Fact Check lists dpa as Least Biased and High factuality,reviewed,187,media_profile_seed_v1,2026-06-26 12:27:17.860765+00:00
dw.com,dw_english,DW,Germany,europe,EU,public_broadcaster,media_narrative,P1,public,western,center,high,high,https://ground.news/interest/deutsche-welle,seeded_from_historical_wave1_targets; ownership inferred structurally from source_type=public_broadcaster; structural_review_v1: public broadcaster credibility seed; political leaning requires external rating; ground_news_rating_v1: Ground News lists Deutsche Welle as Center and Very High factuality,reviewed,25374,media_profile_seed_v1,2026-06-26 12:27:17.848159+00:00
ec.europa.eu,eu_commission_press,European Commission,European Union,europe,EU,supranational_executive,official_direct,P0,intergovernmental,western,state_aligned,medium,medium,https://ec.europa.eu,seeded_from_historical_wave1_targets; ownership inferred structurally from source_type=supranational_executive; structural_review_v1: official/intergovernmental source treated as institutional state_aligned; credibility remains medium pending external factuality rating,reviewed,150,media_profile_seed_v1,2026-06-26 11:41:11.086708+00:00
ecowas.int,ecowas_news,ECOWAS,International,africa,AF,international_organization,official_direct,P1,intergovernmental,global_south,state_aligned,medium,medium,https://www.ecowas.int,seeded_from_historical_wave1_targets; ownership inferred structurally from source_type=international_organization; structural_review_v1: official/intergovernmental source treated as institutional state_aligned; credibility remains medium pending external factuality rating,reviewed,1129,media_profile_seed_v1,2026-06-26 11:41:11.086712+00:00
eeas.europa.eu,eeas_europa,European External Action Service,European Union,europe,EU,foreign_service,official_direct,P0,intergovernmental,western,state_aligned,medium,medium,https://www.eeas.europa.eu,seeded_from_historical_wave1_targets; ownership inferred structurally from source_type=foreign_service; structural_review_v1: official/intergovernmental source treated as institutional state_aligned; credibility remains medium pending external factuality rating,reviewed,559,media_profile_seed_v1,2026-06-26 11:41:11.086716+00:00
efe.com,efe_com,EFE,Spain,latin_america,LA,wire_service,wire_fast,P1,wire_service,western,center,high,high,https://ground.news/interest/efe,seeded_from_historical_wave1_targets; ownership inferred structurally from source_type=wire_service; structural_review_v1: wire service credibility seed; political leaning requires external rating; ground_news_rating_v1: Ground News lists EFE as Center and High factuality,reviewed,22982,media_profile_seed_v1,2026-06-26 12:27:17.861560+00:00
elcomercio.pe,el_comercio_pe,El Comercio,Peru,latin_america,LA,national_major_media,media_narrative,P1,private,global_south,unknown,unknown,low,https://ground.news/interest/el-comercio,seeded_from_historical_wave1_targets; geo_alignment_rule_v1: inferred from curated country/region for source-composition grouping; not a political-bias label; review_import: rating_round2: Ground News lists bias and factuality as unknown; ownership_round2: El Comercio commercial ownership mapped to private; secondary_evidence=https://en.wikipedia.org/wiki/El_Comercio_(Peru); reviewer=codex; reviewed_at=2026-06-26,reviewed,1996,media_profile_seed_v1,2026-06-26 12:56:24.237093+00:00
elespectador.com,el_espectador_politica,El Espectador,Colombia,latin_america,LA,national_major_media,media_narrative,P1,private,global_south,unknown,unknown,low,https://ground.news/interest/el-espectador,seeded_from_historical_wave1_targets; geo_alignment_rule_v1: inferred from curated country/region for source-composition grouping; not a political-bias label; review_import: rating_round2: Ground News lists bias and factuality as unknown; ownership_round2: El Espectador commercial ownership mapped to private; secondary_evidence=https://en.wikipedia.org/wiki/El_Espectador; reviewer=codex; reviewed_at=2026-06-26,reviewed,1017,media_profile_seed_v1,2026-06-26 12:56:24.237153+00:00
eltiempo.com,el_tiempo_mundo,El Tiempo,Colombia,latin_america,LA,national_major_media,media_narrative,P1,private,global_south,unknown,unknown,low,https://ground.news/interest/el-tiempo,seeded_from_historical_wave1_targets; geo_alignment_rule_v1: inferred from curated country/region for source-composition grouping; not a political-bias label; review_import: rating_round2: Ground News lists bias and factuality as unknown; ownership_round2: El Tiempo commercial ownership mapped to private; secondary_evidence=https://en.wikipedia.org/wiki/El_Tiempo_(Colombia); reviewer=codex; reviewed_at=2026-06-26,reviewed,13569,media_profile_seed_v1,2026-06-26 12:56:24.236980+00:00
eluniversal.com.mx,el_universal_mx,El Universal,Mexico,latin_america,LA,national_major_media,media_narrative,P1,private,global_south,left,unknown,medium,https://ground.news/interest/el-universal,seeded_from_historical_wave1_targets; geo_alignment_rule_v1: inferred from curated country/region for source-composition grouping; not a political-bias label; review_import: rating_round2: Ground News and AllSides rate El Universal Left while factuality remains unknown; ownership_round2: commercial ownership mapped to private; secondary_evidence=https://en.wikipedia.org/wiki/El_Universal_(Mexico_City); reviewer=codex; reviewed_at=2026-06-26,reviewed,254,media_profile_seed_v1,2026-06-26 12:56:24.237229+00:00
en.yna.co.kr,yonhap_english,Yonhap News Agency,South Korea,asia,AS,wire_service,wire_fast,P1,wire_service,western,center_right,high,high,https://ground.news/interest/_ae7d36,seeded_from_historical_wave1_targets; ownership inferred structurally from source_type=wire_service; structural_review_v1: wire service credibility seed; political leaning requires external rating; ground_news_rating_v1: Ground News lists Yonhap News Agency as Lean Right and High factuality,reviewed,124,media_profile_seed_v1,2026-06-26 12:27:17.862113+00:00
express.pk,express_pk,The Express Tribune,Pakistan,south_asia,SA,national_major_media,media_narrative,P1,private,global_south,center,high,high,https://ground.news/interest/the-express-tribune,seeded_from_historical_wave1_targets; ground_news_rating_v1: Ground News lists The Express Tribune as Center and High factuality,reviewed,27061,media_profile_seed_v1,2026-06-26 12:27:17.848912+00:00
faz.net,faz_net,FAZ,Germany,europe,EU,national_major_media,media_narrative,P0,nonprofit,western,center_right,high,high,https://ground.news/interest/frankfurter-allgemeine,seeded_from_historical_wave1_targets; ground_news_rating_v1: Ground News lists Frankfurter Allgemeine Zeitung as Lean Right and High factuality; review_import: ownership_round2: Media Ownership Monitor describes FAZIT Foundation nonprofit structure; secondary_evidence=https://germany.mom-gmr.org/en/owners/individual-owners/owner/fazit-foundation-115746; reviewer=codex; reviewed_at=2026-06-26,reviewed,7461,media_profile_seed_v1,2026-06-26 12:56:24.237025+00:00
focustaiwan.tw,focus_taiwan,Focus Taiwan,Taiwan,asia,AS,wire_service,wire_fast,P1,wire_service,western,center,high,high,https://ground.news/interest/focus-taiwan,seeded_from_historical_wave1_targets; ownership inferred structurally from source_type=wire_service; structural_review_v1: wire service credibility seed; political leaning requires external rating; ground_news_rating_v1: Ground News lists Focus Taiwan as Center and High factuality,reviewed,27,media_profile_seed_v1,2026-06-26 12:27:17.863410+00:00
folha.uol.com.br,folha_mundo,Folha de S.Paulo,Brazil,latin_america,LA,national_major_media,media_narrative,P1,private,global_south,unknown,unknown,low,https://ground.news/interest/folhacombr,seeded_from_historical_wave1_targets; geo_alignment_rule_v1: inferred from curated country/region for source-composition grouping; not a political-bias label; review_import: rating_round2: Ground News lists bias and factuality as unknown; ownership_round2: Folha commercial ownership mapped to private; secondary_evidence=https://en.wikipedia.org/wiki/Folha_de_S.Paulo; reviewer=codex; reviewed_at=2026-06-26,reviewed,840,media_profile_seed_v1,2026-06-26 12:56:24.237160+00:00
france24.com,france24_english,France 24,France,europe,EU,public_broadcaster,media_narrative,P1,public,western,center,high,high,https://ground.news/interest/france24,seeded_from_historical_wave1_targets; ownership inferred structurally from source_type=public_broadcaster; structural_review_v1: public broadcaster credibility seed; political leaning requires external rating; ground_news_rating_v1: Ground News lists France 24 as Center and High factuality,reviewed,14674,media_profile_seed_v1,2026-06-26 12:27:17.864007+00:00
freemalaysiatoday.com,freemalaysiatoday_com,Free Malaysia Today,Malaysia,asia,AS,national_major_media,media_narrative,P0,private,global_south,center_right,medium,high,https://mediabiasfactcheck.com/free-malaysia-today-bias-and-credibility/,seeded_from_historical_wave1_targets; mbfc_rating_v1: Media Bias/Fact Check lists Free Malaysia Today as Right-Center and Mixed factuality; review_import: ownership_round2: FMT site identifies FMT Media Sdn Bhd and leadership; secondary_evidence=https://www.freemalaysiatoday.com/about; reviewer=codex; reviewed_at=2026-06-26,reviewed,26276,media_profile_seed_v1,2026-06-26 12:56:24.236915+00:00
geo.tv,geo_tv,Geo News,Pakistan,south_asia,SA,national_major_media,media_narrative,P0,private,global_south,center_right,high,high,https://ground.news/interest/geo-news,seeded_from_historical_wave1_targets; geo_alignment_rule_v1: inferred from curated country/region for source-composition grouping; not a political-bias label; ground_news_rating_v1: Ground News lists Geo News as Lean Right and High factuality; review_import: ownership_round2: Geo News ownership mapped to private commercial media; secondary_evidence=https://en.wikipedia.org/wiki/Geo_News; reviewer=codex; reviewed_at=2026-06-26,reviewed,137,media_profile_seed_v1,2026-06-26 12:56:24.237258+00:00
gob.mx,mexico_sre,Mexico Foreign Ministry,Mexico,latin_america,LA,foreign_ministry,official_direct,P1,government,global_south,state_aligned,medium,medium,https://www.gob.mx,seeded_from_historical_wave1_targets; ownership inferred structurally from source_type=foreign_ministry; structural_review_v1: official/intergovernmental source treated as institutional state_aligned; credibility remains medium pending external factuality rating,reviewed,16752,media_profile_seed_v1,2026-06-26 11:41:11.086771+00:00
gulfnews.com,gulf_news_world,Gulf News,United Arab Emirates,middle_east,ME,national_major_media,media_narrative,P1,private,middle_east,center_right,medium,high,https://ground.news/interest/gulf-news,seeded_from_historical_wave1_targets; ground_news_rating_v1: Ground News lists Gulf News as Lean Right and Mixed factuality; review_import: ownership_round2: Gulf News ownership mapped to private commercial media; secondary_evidence=https://en.wikipedia.org/wiki/Gulf_News; reviewer=codex; reviewed_at=2026-06-26,reviewed,3375,media_profile_seed_v1,2026-06-26 12:56:24.237073+00:00
haaretz.com,haaretz_com,Haaretz,Israel,middle_east,ME,national_major_media,media_narrative,P0,private,middle_east,left,high,high,https://ground.news/interest/haaretz,seeded_from_historical_wave1_targets; ground_news_rating_v1: Ground News lists Haaretz as Left and High factuality; review_import: ownership_round2: Haaretz ownership mapped to private commercial media; secondary_evidence=https://en.wikipedia.org/wiki/Haaretz; reviewer=codex; reviewed_at=2026-06-26,reviewed,55,media_profile_seed_v1,2026-06-26 12:56:24.237289+00:00
haberturk.com,haberturk_com,Haberturk,Turkey,middle_east,ME,national_major_media,media_narrative,P1,private,middle_east,unknown,unknown,low,https://www.haberturk.com,seeded_from_historical_wave1_targets; geo_alignment_rule_v1: inferred from curated country/region for source-composition grouping; not a political-bias label; review_import: ownership_round2: Media Ownership Monitor records Ciner ownership; bias and factuality still need current exact rating after ownership change reports; secondary_evidence=https://turkey.mom-rsf.org/en/owners/companies/detail/company//ciner-group-1/; reviewer=codex; reviewed_at=2026-06-26,needs_review,25156,media_profile_seed_v1,2026-06-26 12:56:24.236935+00:00
hindustantimes.com,hindustantimes_com,Hindustan Times,India,south_asia,SA,national_major_media,media_narrative,P0,private,global_south,center,medium,high,https://ground.news/interest/hindustan-times,seeded_from_historical_wave1_targets; ground_news_rating_v1: Ground News lists Hindustan Times as Center and Mixed factuality; review_import: ownership_round2: Media Ownership Monitor identifies HT Media commercial ownership; secondary_evidence=https://pakistan.mom-gmr.org/en/owners/companies/detail/company/company/show/ht-media/; reviewer=codex; reviewed_at=2026-06-26,reviewed,26416,media_profile_seed_v1,2026-06-26 12:56:24.236902+00:00
hurriyetdailynews.com,hurriyetdailynews_com,Hurriyet Daily News,Turkey,middle_east,ME,national_major_media,media_narrative,P0,private,middle_east,right,medium,high,https://ground.news/interest/hurriyet-daily-news,seeded_from_historical_wave1_targets; ground_news_rating_v1: Ground News lists Hurriyet Daily News as Right and Mixed factuality; review_import: ownership_round2: Hurriyet Daily News ownership mapped to private commercial media; secondary_evidence=https://en.wikipedia.org/wiki/Hurriyet_Daily_News; reviewer=codex; reviewed_at=2026-06-26,reviewed,10934,media_profile_seed_v1,2026-06-26 12:56:24.236993+00:00
indianexpress.com,indian_express_world,The Indian Express,India,south_asia,SA,national_major_media,media_narrative,P1,private,global_south,center_left,medium,medium,https://ground.news/interest/indian-express,"seeded_from_historical_wave1_targets; geo_alignment_rule_v1: inferred from curated country/region for source-composition grouping; not a political-bias label; ground_news_rating_v1: Ground News lists Indian Express as Lean Left and High factuality; MBFC lists mixed factuality, so mapped conservatively to medium; review_import: ownership_round2: Indian Express ownership mapped to private commercial media; secondary_evidence=https://en.wikipedia.org/wiki/The_Indian_Express; reviewer=codex; reviewed_at=2026-06-26",reviewed,1545,media_profile_seed_v1,2026-06-26 12:56:24.237121+00:00
irna.ir,irna_ir,IRNA,Iran,middle_east,ME,state_media,wire_fast,P0,state,middle_east,state_aligned,medium,medium,https://www.irna.ir,seeded_from_historical_wave1_targets; ownership inferred structurally from source_type=state_media; structural_review_v1: state_media treated as state_aligned; credibility remains medium pending external factuality rating,reviewed,26945,media_profile_seed_v1,2026-06-26 11:41:11.086793+00:00
jpost.com,jpost_com,The Jerusalem Post,Israel,middle_east,ME,national_major_media,media_narrative,P0,private,middle_east,center,high,high,https://ground.news/interest/jerusalem-post,seeded_from_historical_wave1_targets; ground_news_rating_v1: Ground News lists Jerusalem Post as Center and High factuality; review_import: ownership_round2: Jerusalem Post states Eli Azur retains ownership; secondary_evidence=https://www.jpost.com/landedpages/aboutus.aspx; reviewer=codex; reviewed_at=2026-06-26,reviewed,26980,media_profile_seed_v1,2026-06-26 12:56:24.236839+00:00
kompas.com,kompas_com,Kompas,Indonesia,asia,AS,national_major_media,media_narrative,P1,private,global_south,center,high,high,https://ground.news/interest/kompas,seeded_from_historical_wave1_targets; geo_alignment_rule_v1: inferred from curated country/region for source-composition grouping; not a political-bias label; ground_news_rating_v1: Ground News lists Kompas as Center and High factuality; review_import: ownership_round2: Kompas ownership mapped to private commercial media; secondary_evidence=https://en.wikipedia.org/wiki/Kompas_(newspaper); reviewer=codex; reviewed_at=2026-06-26,reviewed,617,media_profile_seed_v1,2026-06-26 12:56:24.237187+00:00
koreaherald.com,korea_herald,The Korea Herald,South Korea,asia,AS,national_major_media,media_narrative,P1,private,western,center_right,high,high,https://ground.news/interest/the-korea-herald,seeded_from_historical_wave1_targets; ground_news_rating_v1: Ground News lists The Korea Herald as Lean Right and High factuality; review_import: ownership_round2: Korea Herald ownership mapped to private commercial media; secondary_evidence=https://en.wikipedia.org/wiki/The_Korea_Herald; reviewer=codex; reviewed_at=2026-06-26,reviewed,3256,media_profile_seed_v1,2026-06-26 12:56:24.237086+00:00
kyivindependent.com,kyiv_independent,The Kyiv Independent,Ukraine,europe,EU,national_major_media,media_narrative,P1,nonprofit,western,center_left,high,high,https://ground.news/interest/the-kyiv-independent,seeded_from_historical_wave1_targets; ground_news_rating_v1: Ground News lists The Kyiv Independent as Lean Left and High factuality; review_import: ownership_round2: Kyiv Independent describes independent member-supported newsroom; mapped to nonprofit/community-funded; secondary_evidence=https://kyivindependent.com/about/; reviewer=codex; reviewed_at=2026-06-26,reviewed,5549,media_profile_seed_v1,2026-06-26 12:56:24.237053+00:00
kyodo.co.jp,kyodo_co_jp,Kyodo News,Japan,asia,AS,wire_service,wire_fast,P0,wire_service,western,center,high,high,https://ground.news/interest/kyodo-news,seeded_from_historical_wave1_targets; ownership inferred structurally from source_type=wire_service; structural_review_v1: wire service credibility seed; political leaning requires external rating; ground_news_rating_v1: Ground News lists Kyodo News+ as Center and High factuality,reviewed,14626,media_profile_seed_v1,2026-06-26 12:27:17.851019+00:00
lanacion.com.ar,lanacion_com_ar,La Nacion,Argentina,latin_america,LA,national_major_media,media_narrative,P0,private,global_south,center_right,high,high,https://ground.news/interest/la-nacion_7042bc,seeded_from_historical_wave1_targets; ground_news_rating_v1: Ground News lists La Nacion as Lean Right and Very High factuality; review_import: ownership_round2: Trust Project lists La Nacion as privately held; secondary_evidence=https://network.thetrustproject.org/partner/la-nacion; reviewer=codex; reviewed_at=2026-06-26,reviewed,24990,media_profile_seed_v1,2026-06-26 12:56:24.236941+00:00
latercera.com,latercera_cl,La Tercera,Chile,latin_america,LA,national_major_media,media_narrative,P1,private,global_south,center_right,high,high,https://ground.news/interest/la-tercera,seeded_from_historical_wave1_targets; ground_news_rating_v1: Ground News lists La Tercera as Lean Right and High factuality; review_import: ownership_round2: La Tercera ownership mapped to private commercial media; secondary_evidence=https://en.wikipedia.org/wiki/La_Tercera; reviewer=codex; reviewed_at=2026-06-26,reviewed,7470,media_profile_seed_v1,2026-06-26 12:56:24.237018+00:00
lefigaro.fr,lefigaro_fr,Le Figaro,France,europe,EU,national_major_media,media_narrative,P0,private,western,center_right,high,high,https://ground.news/interest/le-figaro,seeded_from_historical_wave1_targets; ground_news_rating_v1: Ground News lists Le Figaro as Lean Right and High factuality; review_import: ownership_round2: Le Figaro commercial ownership mapped to private; secondary_evidence=https://en.wikipedia.org/wiki/Le_Figaro; reviewer=codex; reviewed_at=2026-06-26,reviewed,15330,media_profile_seed_v1,2026-06-26 12:56:24.236973+00:00
liputan6.com,liputan6_com,Liputan6,Indonesia,asia,AS,national_major_media,media_narrative,P1,private,global_south,center_right,high,high,https://ground.news/interest/liputan6com,seeded_from_historical_wave1_targets; geo_alignment_rule_v1: inferred from curated country/region for source-composition grouping; not a political-bias label; ground_news_rating_v1: Ground News lists liputan6.com as Lean Right and High factuality; review_import: ownership_round2: Liputan6 ownership mapped to private commercial media; secondary_evidence=https://en.wikipedia.org/wiki/Liputan_6; reviewer=codex; reviewed_at=2026-06-26,reviewed,5512,media_profile_seed_v1,2026-06-26 12:56:24.237060+00:00
mid.ru,russia_mfa,Russia Foreign Ministry,Russia,europe,EU,foreign_ministry,official_direct,P1,government,russia,state_aligned,medium,medium,https://mid.ru,seeded_from_historical_wave1_targets; ownership inferred structurally from source_type=foreign_ministry; structural_review_v1: official/intergovernmental source treated as institutional state_aligned; credibility remains medium pending external factuality rating,reviewed,129,media_profile_seed_v1,2026-06-26 11:41:11.086824+00:00
minrel.gob.cl,chile_minrel,Chile Foreign Ministry,Chile,latin_america,LA,foreign_ministry,official_direct,P1,government,global_south,state_aligned,medium,medium,https://www.minrel.gob.cl,seeded_from_historical_wave1_targets; ownership inferred structurally from source_type=foreign_ministry; structural_review_v1: official/intergovernmental source treated as institutional state_aligned; credibility remains medium pending external factuality rating,reviewed,4106,media_profile_seed_v1,2026-06-26 11:41:11.086828+00:00
nationthailand.com,nationthailand_com,The Nation Thailand,Thailand,asia,AS,national_major_media,media_narrative,P1,private,global_south,unknown,unknown,low,https://www.nationthailand.com,seeded_from_historical_wave1_targets; geo_alignment_rule_v1: inferred from curated country/region for source-composition grouping; not a political-bias label; review_import: ownership_round2: The Nation owned by Nation Group; bias and factuality still lack exact third-party rating; secondary_evidence=https://en.wikipedia.org/wiki/The_Nation_(Thailand); reviewer=codex; reviewed_at=2026-06-26,needs_review,15436,media_profile_seed_v1,2026-06-26 12:56:24.236967+00:00
nato.int,nato_news,NATO,International,europe,EU,international_security_org,official_direct,P0,intergovernmental,western,state_aligned,medium,medium,https://www.nato.int,seeded_from_historical_wave1_targets; ownership inferred structurally from source_type=international_security_org; structural_review_v1: official/intergovernmental source treated as institutional state_aligned; credibility remains medium pending external factuality rating,reviewed,24444,media_profile_seed_v1,2026-06-26 11:41:11.086835+00:00
nbcnews.com,nbcnews_com,NBC News,United States,north_america,NA,global_major_media,media_narrative,P1,private,western,center_left,high,high,https://ground.news/interest/nbc-news,seeded_from_historical_wave1_targets; ground_news_rating_v1: Ground News lists NBC News as Lean Left and High factuality,reviewed,3061,media_profile_seed_v1,2026-06-26 12:27:17.868936+00:00
news24.com,news24_politics,News24,South Africa,africa,AF,national_major_media,media_narrative,P1,private,global_south,center,high,high,https://ground.news/interest/news24,seeded_from_historical_wave1_targets; ground_news_rating_v1: Ground News lists News24 as Center and High factuality; review_import: ownership_round2: News24 ownership mapped to private commercial media; secondary_evidence=https://en.wikipedia.org/wiki/News24_(website); reviewer=codex; reviewed_at=2026-06-26,reviewed,9353,media_profile_seed_v1,2026-06-26 12:56:24.237005+00:00
news.thaipbs.or.th,news_thaipbs_or_th,Thai PBS,Thailand,asia,AS,public_broadcaster,media_narrative,P1,public,global_south,unknown,high,medium,https://news.thaipbs.or.th,seeded_from_historical_wave1_targets; ownership inferred structurally from source_type=public_broadcaster; structural_review_v1: public broadcaster credibility seed; political leaning requires external rating; geo_alignment_rule_v1: inferred from curated country/region for source-composition grouping; not a political-bias label; review_import: review_round2: kept political unknown; public broadcaster ownership already set; exact third-party bias rating still needed; secondary_evidence=https://en.wikipedia.org/wiki/Thai_Public_Broadcasting_Service; reviewer=codex; reviewed_at=2026-06-26,needs_review,6544,media_profile_seed_v1,2026-06-26 12:56:24.237038+00:00
nikkei.com,nikkei_com,Nikkei,Japan,asia,AS,national_major_media,media_narrative,P0,private,western,center_right,high,high,https://mediabiasfactcheck.com/nikkei-asian-review/,seeded_from_historical_wave1_targets; geo_alignment_rule_v1: inferred from curated country/region for source-composition grouping; not a political-bias label; mbfc_rating_v1: Media Bias/Fact Check lists Nikkei Asian Review as Right-Center and High factuality; review_import: ownership_round2: Nikkei ownership mapped to private commercial media; secondary_evidence=https://en.wikipedia.org/wiki/The_Nikkei; reviewer=codex; reviewed_at=2026-06-26,reviewed,308,media_profile_seed_v1,2026-06-26 12:56:24.237215+00:00
nzherald.co.nz,nzherald_co_nz,NZ Herald,New Zealand,asia_pacific,AP,national_major_media,media_narrative,P1,private,western,center,high,medium,https://ground.news/interest/nz-herald,ground_news_rating_v1: Ground News lists NZ Herald as Center and High factuality; medium confidence due same-name-source ambiguity; review_import: ownership_round2: NZ Herald ownership mapped to private commercial media; secondary_evidence=https://en.wikipedia.org/wiki/The_New_Zealand_Herald; reviewer=codex; reviewed_at=2026-06-26,reviewed,6229,media_profile_seed_v1,2026-06-26 12:56:24.237045+00:00
philstar.com,philstar_headlines,The Philippine Star,Philippines,asia,AS,national_major_media,media_narrative,P1,private,global_south,center_left,high,high,https://ground.news/interest/philstar-global,seeded_from_historical_wave1_targets; geo_alignment_rule_v1: inferred from curated country/region for source-composition grouping; not a political-bias label; ground_news_rating_v1: Ground News lists Philstar Global as Lean Left and Very High factuality; review_import: ownership_round2: Philippine Star ownership mapped to private commercial media; secondary_evidence=https://en.wikipedia.org/wiki/The_Philippine_Star; reviewer=codex; reviewed_at=2026-06-26,reviewed,54,media_profile_seed_v1,2026-06-26 12:56:24.237295+00:00
phnompenhpost.com,phnompenhpost_com,The Phnom Penh Post,Cambodia,asia,AS,national_major_media,media_narrative,P1,private,global_south,unknown,unknown,low,http://www.phnompenhpost.com,seeded_from_historical_wave1_targets; geo_alignment_rule_v1: inferred from curated country/region for source-composition grouping; not a political-bias label; review_import: ownership_round2: AP reports Post ownership/publisher context; bias and factuality still lack exact third-party rating; secondary_evidence=https://apnews.com/article/8b0abbc3e4c7be382053aff1631b8e74; reviewer=codex; reviewed_at=2026-06-26,needs_review,8442,media_profile_seed_v1,2026-06-26 12:56:24.237012+00:00
premiumtimesng.com,premium_times,Premium Times,Nigeria,africa,AF,national_major_media,media_narrative,P1,private,global_south,center_left,high,high,https://ground.news/interest/premium-times-nigeria,seeded_from_historical_wave1_targets; ground_news_rating_v1: Ground News lists Premium Times Nigeria as Lean Left and High factuality; review_import: ownership_round2: Premium Times about page used for private independent media mapping; secondary_evidence=https://www.premiumtimesng.com/about-us; reviewer=codex; reviewed_at=2026-06-26,reviewed,6635,media_profile_seed_v1,2026-06-26 12:56:24.237031+00:00
prothomalo.com,prothomalo_com,Prothom Alo,Bangladesh,south_asia,SA,national_major_media,media_narrative,P0,private,global_south,unknown,unknown,low,https://www.prothomalo.com,seeded_from_historical_wave1_targets; geo_alignment_rule_v1: inferred from curated country/region for source-composition grouping; not a political-bias label; review_import: ownership_round2: Prothom Alo commercial publisher mapped to private; bias and factuality still lack exact third-party rating; secondary_evidence=https://en.wikipedia.org/wiki/Prothom_Alo; reviewer=codex; reviewed_at=2026-06-26,needs_review,11468,media_profile_seed_v1,2026-06-26 12:56:24.236987+00:00
publico.pt,publico_pt,Publico,Portugal,europe,EU,national_major_media,media_narrative,P1,private,western,unknown,unknown,low,https://ground.news/interest/publico_f8d3f6,seeded_from_historical_wave1_targets; geo_alignment_rule_v1: inferred from curated country/region for source-composition grouping; not a political-bias label; review_import: rating_round2: Ground News lists Publico Portugal bias and factuality as unknown; ownership_round2: commercial ownership mapped to private; secondary_evidence=https://en.wikipedia.org/wiki/P%C3%BAblico_(Portugal); reviewer=codex; reviewed_at=2026-06-26,reviewed,199,media_profile_seed_v1,2026-06-26 12:56:24.237243+00:00
reuters.com,reuters_world,Reuters,United Kingdom,global,GL,wire_service,wire_fast,P0,wire_service,western,center,high,high,https://ground.news/interest/reuters_fa2539,seeded_from_historical_wave1_targets; ownership inferred structurally from source_type=wire_service; structural_review_v1: wire service credibility seed; political leaning requires external rating; ground_news_rating_v1: Ground News lists Reuters as Center and Very High factuality,reviewed,135,media_profile_seed_v1,2026-06-26 12:27:17.854836+00:00
rnz.co.nz,rnz_co_nz,RNZ,New Zealand,asia_pacific,AP,public_broadcaster,media_narrative,P0,public,western,center,high,high,https://ground.news/interest/rnz,seeded_from_historical_wave1_targets; ownership inferred structurally from source_type=public_broadcaster; structural_review_v1: public broadcaster credibility seed; political leaning requires external rating; ground_news_rating_v1: Ground News lists RNZ as Center and High factuality,reviewed,24047,media_profile_seed_v1,2026-06-26 12:27:17.852499+00:00
rtve.es,rtve_es,RTVE,Spain,europe,EU,public_broadcaster,media_narrative,P0,public,western,center_left,high,high,https://ground.news/interest/rtve,seeded_from_historical_wave1_targets; ownership inferred structurally from source_type=public_broadcaster; structural_review_v1: public broadcaster credibility seed; political leaning requires external rating; ground_news_rating_v1: Ground News lists RTVE as Lean Left and High factuality,reviewed,6411,media_profile_seed_v1,2026-06-26 12:27:17.871240+00:00
scmp.com,scmp_com,SCMP,Hong Kong,asia,AS,regional_major_media,media_narrative,P0,private,china,center,high,high,https://ground.news/interest/south-china-morning-post,seeded_from_historical_wave1_targets; ground_news_rating_v1: Ground News lists South China Morning Post as Center and High factuality; review_import: ownership_round2: SCMP corporate history states Alibaba acquisition; secondary_evidence=https://corp.scmp.com/our-company; reviewer=codex; reviewed_at=2026-06-26,reviewed,25207,media_profile_seed_v1,2026-06-26 12:56:24.236929+00:00
smh.com.au,smh_com_au,The Sydney Morning Herald,Australia,asia_pacific,AP,national_major_media,media_narrative,P0,private,western,center_left,high,high,https://ground.news/interest/sydney-morning-herald,seeded_from_historical_wave1_targets; ground_news_rating_v1: Ground News lists The Sydney Morning Herald as Lean Left and High factuality; review_import: ownership_round2: SMH ownership mapped to private commercial media; secondary_evidence=https://en.wikipedia.org/wiki/The_Sydney_Morning_Herald; reviewer=codex; reviewed_at=2026-06-26,reviewed,3310,media_profile_seed_v1,2026-06-26 12:56:24.237080+00:00
straitstimes.com,straitstimes_com,The Straits Times,Singapore,asia,AS,national_major_media,media_narrative,P0,private,global_south,center_right,high,high,https://ground.news/interest/the-straits-times_9bb9e6,seeded_from_historical_wave1_targets; ground_news_rating_v1: Ground News lists The Straits Times as Lean Right and High factuality; review_import: ownership_round2: SPH Media owns The Straits Times; mapped to private non-state media company; secondary_evidence=https://en.wikipedia.org/wiki/SPH_Media; reviewer=codex; reviewed_at=2026-06-26,reviewed,26647,media_profile_seed_v1,2026-06-26 12:56:24.236873+00:00
tass.com,tass_com,TASS,Russia,europe,EU,state_media,wire_fast,P0,state,russia,state_aligned,medium,medium,https://tass.com,seeded_from_historical_wave1_targets; ownership inferred structurally from source_type=state_media; structural_review_v1: state_media treated as state_aligned; credibility remains medium pending external factuality rating,reviewed,26214,media_profile_seed_v1,2026-06-26 11:41:11.086890+00:00
thanhnien.vn,thanhnien_vn,Thanh Nien,Vietnam,asia,AS,national_major_media,media_narrative,P1,party_affiliated,global_south,state_aligned,medium,medium,https://statemediamonitor.com/2025/07/thanh-nien/,seeded_from_historical_wave1_targets; geo_alignment_rule_v1: inferred from curated country/region for source-composition grouping; not a political-bias label; institutional_override_v1: State Media Monitor describes Thanh Nien as an official mouthpiece tied to Vietnam's party-linked youth organization,reviewed,25306,media_profile_seed_v1,2026-06-26 12:27:17.883304+00:00
theage.com.au,theage_com_au,The Age,Australia,asia_pacific,AP,national_major_media,media_narrative,P0,private,western,center_left,high,high,https://ground.news/interest/the-age,seeded_from_historical_wave1_targets; geo_alignment_rule_v1: inferred from curated country/region for source-composition grouping; not a political-bias label; ground_news_rating_v1: Ground News lists The Age as Lean Left and High factuality; review_import: ownership_round2: The Age ownership mapped to private commercial media; secondary_evidence=https://en.wikipedia.org/wiki/The_Age; reviewer=codex; reviewed_at=2026-06-26,reviewed,200,media_profile_seed_v1,2026-06-26 12:56:24.237236+00:00
thedailystar.net,daily_star_bd,The Daily Star Bangladesh,Bangladesh,south_asia,SA,national_major_media,media_narrative,P1,private,global_south,unknown,unknown,low,https://ground.news/interest/the-daily-star_5f3b12,seeded_from_historical_wave1_targets; geo_alignment_rule_v1: inferred from curated country/region for source-composition grouping; not a political-bias label; review_import: rating_round2: Ground News Bangladesh page lists bias and factuality as unknown; ownership_round2: Daily Star commercial ownership mapped to private; secondary_evidence=https://en.wikipedia.org/wiki/The_Daily_Star_(Bangladesh); reviewer=codex; reviewed_at=2026-06-26,reviewed,377,media_profile_seed_v1,2026-06-26 12:56:24.237209+00:00
theglobeandmail.com,theglobeandmail_com,The Globe and Mail,Canada,north_america,NA,national_major_media,media_narrative,P0,private,western,center,high,high,https://ground.news/interest/the-globe-and-mail,seeded_from_historical_wave1_targets; geo_alignment_rule_v1: inferred from curated country/region for source-composition grouping; not a political-bias label; ground_news_rating_v1: Ground News lists The Globe & Mail as Center and Very High factuality; review_import: ownership_round2: Globe and Mail ownership mapped to private commercial media; secondary_evidence=https://en.wikipedia.org/wiki/The_Globe_and_Mail; reviewer=codex; reviewed_at=2026-06-26,reviewed,763,media_profile_seed_v1,2026-06-26 12:56:24.237166+00:00
theguardian.com,theguardian_com,The Guardian,United Kingdom,europe,EU,global_major_media,media_narrative,P0,nonprofit,western,center_left,high,high,https://mediabiasfactcheck.com/the-guardian/,seeded_from_historical_wave1_targets; mbfc_rating_v1: Media Bias/Fact Check lists The Guardian as Left-Center and High factuality; review_import: ownership_round2: Scott Trust ownership reinvests profits in journalism; mapped to nonprofit/trust; secondary_evidence=https://www.theguardian.com/about/history; reviewer=codex; reviewed_at=2026-06-26,reviewed,428,media_profile_seed_v1,2026-06-26 12:56:24.237193+00:00
thehindu.com,the_hindu_world,The Hindu,India,south_asia,SA,national_major_media,media_narrative,P1,private,global_south,center_left,high,high,https://ground.news/interest/the-hindu,seeded_from_historical_wave1_targets; ground_news_rating_v1: Ground News lists The Hindu as Lean Left and High factuality; review_import: ownership_round2: The Hindu ownership mapped to private commercial media; secondary_evidence=https://en.wikipedia.org/wiki/The_Hindu; reviewer=codex; reviewed_at=2026-06-26,reviewed,1210,media_profile_seed_v1,2026-06-26 12:56:24.237140+00:00
thejakartapost.com,thejakartapost_com,The Jakarta Post,Indonesia,asia,AS,national_major_media,media_narrative,P0,private,global_south,center_left,medium,medium,https://ground.news/interest/the-jakarta-post,"seeded_from_historical_wave1_targets; geo_alignment_rule_v1: inferred from curated country/region for source-composition grouping; not a political-bias label; ground_news_rating_v1: Ground News lists The Jakarta Post as Lean Left and High factuality; MBFC lists mostly factual, so mapped conservatively to medium; review_import: ownership_round2: Jakarta Post ownership mapped to private commercial media; secondary_evidence=https://en.wikipedia.org/wiki/The_Jakarta_Post; reviewer=codex; reviewed_at=2026-06-26",reviewed,301,media_profile_seed_v1,2026-06-26 12:56:24.237222+00:00
thenationalnews.com,the_national_uae,The National,United Arab Emirates,middle_east,ME,national_major_media,media_narrative,P1,private,middle_east,center,high,medium,https://ground.news/interest/the-national_7f9810,ground_news_rating_v1: Ground News page for The National lists Center and High factuality; medium confidence due same-name-source ambiguity; review_import: ownership_round2: IMI describes itself as privately-owned media group; secondary_evidence=https://imimedia.com/; reviewer=codex; reviewed_at=2026-06-26,reviewed,26553,media_profile_seed_v1,2026-06-26 12:56:24.236891+00:00
thestar.com,thestar_com,Toronto Star,Canada,north_america,NA,national_major_media,media_narrative,P1,private,western,center_left,high,high,https://ground.news/interest/the-toronto-star,seeded_from_historical_wave1_targets; ground_news_rating_v1: Ground News lists Toronto Star as Lean Left and High factuality; review_import: ownership_round2: Toronto Star ownership mapped to private commercial media; secondary_evidence=https://en.wikipedia.org/wiki/Toronto_Star; reviewer=codex; reviewed_at=2026-06-26,reviewed,1509,media_profile_seed_v1,2026-06-26 12:56:24.237128+00:00
thestar.com.my,thestar_com_my,The Star Malaysia,Malaysia,asia,AS,national_major_media,media_narrative,P1,party_affiliated,global_south,right,medium,high,https://ground.news/interest/the-star-kuala-lumpur,seeded_from_historical_wave1_targets; geo_alignment_rule_v1: inferred from curated country/region for source-composition grouping; not a political-bias label; ground_news_rating_v1: Ground News lists The Star Kuala Lumpur as Right and Mixed factuality; review_import: ownership_round2: The Star Malaysia is associated with MCA ownership; mapped to party_affiliated; secondary_evidence=https://en.wikipedia.org/wiki/The_Star_(Malaysia); reviewer=codex; reviewed_at=2026-06-26,reviewed,125,media_profile_seed_v1,2026-06-26 12:56:24.237270+00:00
timesofindia.indiatimes.com,timesofindia_indiatimes_com,Times of India,India,south_asia,SA,national_major_media,media_narrative,P0,private,global_south,center_right,medium,high,https://ground.news/interest/times-of-india,seeded_from_historical_wave1_targets; ground_news_rating_v1: Ground News lists Times of India as Lean Right and Mixed factuality; review_import: ownership_round2: Times of India owned by Bennett Coleman and Co. Ltd.; mapped to private; secondary_evidence=https://en.wikipedia.org/wiki/The_Times_of_India; reviewer=codex; reviewed_at=2026-06-26,reviewed,26285,media_profile_seed_v1,2026-06-26 12:56:24.236909+00:00
tuoitre.vn,tuoitre_vn,Tuoi Tre,Vietnam,asia,AS,national_major_media,media_narrative,P1,party_affiliated,global_south,state_aligned,medium,medium,https://statemediamonitor.com/2025/07/tuoi-tre/,seeded_from_historical_wave1_targets; geo_alignment_rule_v1: inferred from curated country/region for source-composition grouping; not a political-bias label; institutional_override_v1: State Media Monitor says Tuoi Tre operates under the Ho Chi Minh City Communist Youth Union,reviewed,19212,media_profile_seed_v1,2026-06-26 12:27:17.886701+00:00
ukrinform.net,ukrinform,Ukrinform,Ukraine,europe,EU,wire_service,wire_fast,P1,wire_service,western,center_right,medium,medium,https://mediabiasfactcheck.com/ukrinform-bias-and-credibility/,mbfc_rating_v1: Media Bias/Fact Check lists Ukrinform as Right-Center and Mixed factuality; medium confidence due government-agency context,reviewed,15532,media_profile_seed_v1,2026-06-26 12:27:17.874772+00:00
vietnamnet.vn,vietnamnet_vn,VietNamNet,Vietnam,asia,AS,national_major_media,media_narrative,P1,government,global_south,state_aligned,medium,medium,https://vietnamnet.vn/en/vietnamnet-to-transition-under-the-ministry-of-ethnic-and-religious-affairs-2377357.html,seeded_from_historical_wave1_targets; geo_alignment_rule_v1: inferred from curated country/region for source-composition grouping; not a political-bias label; institutional_override_v1: VietNamNet reports that it was transferred under Vietnam's Ministry of Information and Communications,reviewed,26425,media_profile_seed_v1,2026-06-26 12:27:17.887300+00:00
wafa.ps,wafa_ps,WAFA,Palestine,middle_east,ME,state_media,wire_fast,P0,state,middle_east,state_aligned,medium,medium,https://wafa.ps,seeded_from_historical_wave1_targets; ownership inferred structurally from source_type=state_media; structural_review_v1: state_media treated as state_aligned; credibility remains medium pending external factuality rating,reviewed,3932,media_profile_seed_v1,2026-06-26 11:41:11.086936+00:00
who.int,who_int,WHO,International,global,GL,international_organization,official_direct,P1,intergovernmental,neutral,state_aligned,medium,medium,https://www.who.int,seeded_from_historical_wave1_targets; ownership inferred structurally from source_type=international_organization; structural_review_v1: official/intergovernmental source treated as institutional state_aligned; credibility remains medium pending external factuality rating,reviewed,18,media_profile_seed_v1,2026-06-26 11:41:11.086940+00:00
yomiuri.co.jp,yomiuri_co_jp,The Yomiuri Shimbun,Japan,asia,AS,national_major_media,media_narrative,P0,private,western,center_right,high,high,https://ground.news/interest/_3899b7,seeded_from_historical_wave1_targets; ground_news_rating_v1: Ground News lists Yomiuri Shimbun online as Lean Right and High factuality; review_import: ownership_round2: Yomiuri ownership mapped to private commercial media; secondary_evidence=https://en.wikipedia.org/wiki/Yomiuri_Shimbun; reviewer=codex; reviewed_at=2026-06-26,reviewed,1965,media_profile_seed_v1,2026-06-26 12:56:24.237099+00:00
zaobao.com,zaobao_com,Lianhe Zaobao,Singapore,asia,AS,regional_major_media,media_narrative,P0,private,global_south,unknown,unknown,low,http://www.zaobao.com,seeded_from_historical_wave1_targets; geo_alignment_rule_v1: inferred from curated country/region for source-composition grouping; not a political-bias label; review_import: ownership_round2: SPH Media owns Lianhe Zaobao; bias and factuality still lack exact third-party rating; secondary_evidence=https://en.wikipedia.org/wiki/SPH_Media; reviewer=codex; reviewed_at=2026-06-26,needs_review,26200,media_profile_seed_v1,2026-06-26 12:56:24.236922+00:00
