site_id	url
2001_com_ve	http://2001.com.ve/internacionales
20minutes_fr	https://www.20minutes.fr/monde/
24h_com_vn	https://www.24h.com.vn/tin-tuc-bien-dong-c46e3601.html/tin-tuc-quoc-te-c415.html
26sep_net	https://www.26sep.net/index.php/paper-news
5septiembre_cu	http://www.5septiembre.cu/category/politica/
aajtak_intoday_in	https://aajtak.intoday.in/india/delhi
aap_com_au	https://www.aapnews.com.au/
abc_es	http://www.abc.es/internacional/
abc_net_au	http://www.abc.net.au/news/justin
abcnews_go_com	http://abcnews.go.com/alerts/climatechange/
abplive_com	https://www.abplive.com/lifestyle/food
abpnews_abplive_in	https://abpnews.abplive.in/blog
acd_com_tw	https://www.acd.com.tw/info/news/
acn_cu	http://www.acn.cu/mundo
actu_fr	https://www.actu.fr/enquetes-d-actu/
addustour_com	https://www.addustour.com/categories/1-%D9%85%D8%AD%D9%84%D9%8A%D8%A7%D8%AA
adelante_cu	http://www.adelante.cu/index.php/es/noticias
aei_org	https://www.aei.org/policy-areas/economics/
aei_um_edu_my	https://aei.um.edu.my/latest-news
afp_com	https://www.afp.com/en/agency/inside-afp/press-releases
afyonhaber_com	https://www.afyonhaber.com/turkiye
agrasamachar_com	http://www.agrasamachar.com/search/label/%E0%A4%86%E0%A4%97%E0%A4%B0%E0%A4%BE
ahora_cu	http://www.ahora.cu/es/cobertura-especial
akhbar_alkhaleej_com	http://www.akhbar-alkhaleej.com/news/section/BNEW
akhbarelyom_com	https://akhbarelyom.com/news/newssection/1/1/%D8%A3%D8%AE%D8%A8%D8%A7%D8%B1-%D9%85%D8%B5%D8%B1
akhbarona_com	https://www.akhbarona.com/world/index.1.html
akhbarwatan_net	http://akhbarwatan.net/category/news/
al_ain_com	https://al-ain.com/latestnews/
al_sharq_com	https://al-sharq.com/category/%D8%B9%D8%B1%D8%A8%D9%8A-%D9%88%D8%AF%D9%88%D9%84%D9%8A
al_watan_com	https://www.al-watan.com/%D8%B9%D8%B1%D8%A8%D9%8A-%D9%88%D8%AF%D9%88%D9%84%D9%8A
alakhbar_press_ma	https://www.alakhbar.press.ma/news/politique
alarab_qa	https://alarab.qa/category/%D9%85%D8%AD%D9%84%D9%8A%D8%A7%D8%AA
alayyam_info	https://www.alayyam.info/cat/7ELLY5TQ-G2DFQ3
albiladpress_com	http://www.albiladpress.com/news/bahrain
alchourouk_com	https://www.alchourouk.com/%D8%B9%D8%A7%D9%84%D9%85%D9%8A%D8%A9
algeriatimes_net	https://www.algeriatimes.net/detail/category/2
alhaya_ps	https://www.alhaya.ps/ar/Category/43/arab-and-international
alittihad_ae	https://www.alittihad.ae/category/%D8%B9%D8%B1%D8%A8%D9%8A-%D9%88%D8%AF%D9%88%D9%84%D9%8A
aljazeera_net	https://www.aljazeera.net/news/
allafrica_com	http://allafrica.com/latest/
alquds_com	http://www.alquds.com/ar/categories/business
alrai_com	https://alrai.com/
alraimedia_com	https://www.alraimedia.com/%D8%A3%D8%AE%D8%A8%D8%A7%D8%B1-%D9%85%D8%AD%D9%84%D9%8A%D8%A9
alrakoba_net	https://www.alrakoba.net/%d8%a3%d8%ae%d8%a8%d8%a7%d8%b1-%d8%a7%d9%84%d8%b3%d9%88%d8%af%d8%a7%d9%86/
alriyadh_com	https://www.alriyadh.com/news.inter
althawrah_ye	http://althawrah.ye/archives/category/%d8%af%d9%88%d9%84%d9%8a
alwatannews_net	https://alwatannews.net/world
amarujala_com	https://www.amarujala.com/india-news
americanprogress_org	https://www.americanprogress.org/topic/economy/
ami_mr	http://www.ami.mr/archives/tag/%d8%b1%d8%a6%d9%80%d8%a7%d8%b3%d9%8a%d9%80%d8%a7%d8%aa-2024
anamurekspres_com	https://www.anamurekspres.com/haber/kategori/guncel-2
anandamela_in	https://www.anandamela.in/latest-news
ankaragazete_com	http://www.ankaragazete.com/politika
annahar_com	https://www.annahar.com/international
ansa_it	https://www.ansa.it/sito/notizie/topnews/index.shtml
antakyagazetesi_com	http://www.antakyagazetesi.com/haber/gundem/
arynews_tv	https://arynews.tv/category/pakistan
asahi_com	https://www.asahi.com/politics/?iref=pc_gnavi
aseancenter_org_tw	http://www.aseancenter.org.tw/news/categories/%E6%9D%B1%E5%8D%94%E6%96%B0%E8%81%9E
asia_cnn_com	https://edition.cnn.com/world
asianews_network	https://asianews.network/tag/Afghanistan/
asianjournal_com	http://asianjournal.com/category/world/
asiaone_com	http://www.asiaone.com/world
asiapacific_ca	https://www.asiapacific.ca/insights
aspi_org_au	https://www.aspi.org.au/all-work/?s=&filter_tag=all&filter_programs=all&filter_category=report
atulyaloktantranews_com	https://www.atulyaloktantranews.com/category/national/
avn_info_ve	http://www.avn.info.ve/politica/
awesome_blog	https://awesome.blog/browse
aydinses_com	https://www.aydinses.com/gundem
bafrahaber_com	https://www.bafrahaber.com/gundem
bangkok_today_com	http://bangkok-today.com/category/%e0%b8%82%e0%b9%88%e0%b8%b2%e0%b8%a7/
bangkokbiznews_com	http://www.bangkokbiznews.com/world/geopolitics
bangla_24livenewspaper_com	https://www.bangla.24livenewspaper.com/bangladesh
bangla_aajtak_in	https://bangla.aajtak.in/desh
bangla_asianetnews_com	https://bangla.asianetnews.com/latest-news
bangla_bdnews24_com	https://bangla.bdnews24.com/world
bangla_kobita_com	https://www.bangla-kobita.com/ashor/
bangla_plus	https://bangla.plus/bangladesh-news-headlines/
banque_france_fr	https://www.banque-france.fr/fr/publications-et-recherche
banquepopulaire_fr	https://www.banquepopulaire.fr/gestion-privee/
baobacninh_com_vn	http://baobacninhtv.vn/doi-song
baocantho_com_vn	http://www.baocantho.com.vn/thoi-su/
baodautu_vn	https://baodautu.vn/thoi-su-dau-tu-d1/
baoquocte_vn	https://baoquocte.vn/tin-24h
bartabazar_com	http://bartabazar.com/news/category/%e0%a6%b9%e0%a7%8d%e0%a6%af%e0%a6%be%e0%a6%b2%e0%a7%8b-%e0%a6%b8%e0%a6%ae%e0%a7%8d%e0%a6%aa%e0%a6%be%e0%a6%a6%e0%a6%95/
basakgazetesi_com	https://www.basakgazetesi.com/foto-galeri/cona_kanyonu-14
batmancagdas_com	https://www.batmancagdas.com/gundem
bbc_co_uk	https://www.bbc.co.uk/burmese/topics/cnlv9j1z93wt
bbc_com	https://www.bbc.com/news
bengkuluekspress_com	http://bengkuluekspress.com/kategori/headline
bernama_com	https://www.bernama.com/en/world/
bhaskar_com	https://www.bhaskar.com/national/
birgun_net	https://www.birgun.net/kategori/guncel-7
bisnis_com	http://www.bisnis.com/
bk_mufg_jp	https://www.bk.mufg.jp/kigyou/index.html
bkn_go_id	https://www.bkn.go.id/publikasi/akuntabilitas-kinerja/rencana-kerja-bkn/
bnionline_net	https://www.bnionline.net/mm/news
boj_or_jp	https://www.boj.or.jp/mopo/outlook/index.htm
bolgegazetesi_com	https://www.bolgegazetesi.com/haber/politika
bolnews_com	https://www.bolnews.com/category/latest-news/
bolugundem_com	https://www.bolugundem.com/siyaset
bolununsesi_com	http://www.bolununsesi.com/haberler
brookings_edu	https://www.brookings.edu/topics/international-affairs/
brudirect_com	http://www.brudirect.com/result.php?title=&category=national-headline&subcategory=
bruegel_org	https://www.bruegel.org/topics
bssnews_net	https://www.bssnews.net/news
buenosairesherald_com	http://www.buenosairesherald.com/business
bulgaronline_com	https://www.bulgaronline.com/news
bundesregierung_de	https://www.bundesregierung.de/breg-de/bundesregierung
burasicanakkale_com	https://www.burasicanakkale.com.tr/kategori/40/siyaset/1
burmese_kachinnews_com	http://burmese.kachinnews.com/category/news/
burmese_monnews_org	https://burmese.monnews.org/category/news/
bursagundem_com	http://www.bursagundem.com/siyaset-haberleri/
businesstimes_com_sg	http://www.businesstimes.com.sg/singapore
buzzfeed_com	https://www.buzzfeed.com/in-the-news
bworldonline_com	http://www.bworldonline.com/top-stories/
cambodiadaily_com	https://www.cambodiadaily.com/category/news/
canakkaleolay_com	http://www.canakkaleolay.com/kategori/guncel
canaln_pe	https://canaln.pe/actualidad
cankirininsesi_com	https://www.cankirininsesi.com/category/uncategorized/
carnegie_ru	https://carnegie.ru/commentary/topic/52
carnegiecouncil_org	https://www.carnegiecouncil.org/initiatives-issues/emerging-technology
carnegieendowment_org	https://carnegieendowment.org/programs/africa
cartercenter_org	https://www.cartercenter.org/programs/peace/
cbc_ca	http://www.cbc.ca/news/world
cbsnews_com	http://www.cbsnews.com/world/
cctv_com	http://cctv.cntv.cn/NatureetScience/index.shtml
cdhowe_org	https://www.cdhowe.org/news
cei_org	https://cei.org/issues/capitalism/
centerforsecuritypolicy_org	http://www.centerforsecuritypolicy.org/category/homeland-security-and-counterterrorism/foodsecurity/
ceps_eu	https://www.ceps.eu/ceps-topics/
changiairport_com	http://www.changiairport.com/en/fly/flight-information.html
channelionline_com	https://www.channelionline.com/latest/
channelnewsasia_com	http://www.channelnewsasia.com/latest-news
china_com	http://military.china.com/refer/
chinapress_com_my	http://www.chinapress.com.my/category/%e5%9b%bd%e9%99%85/
chinatimes_com	https://www.chinatimes.com/realtimenews/
cigionline_org	https://www.cigionline.org/opinions/
cips_cepi_ca	https://www.cips-cepi.ca/category/news/
cis_mit_edu	https://cis.mit.edu/news-media
clingendael_org	https://www.clingendael.org/training-courses
cnnews_chosun_com	https://cnnews.chosun.com/client/news/lst.asp?cate=C01&mcate=M1003
cnnturk_com	https://www.cnnturk.com/dunya-haberleri/
coconuts_co	https://coconuts.co/bangkok/
conferenceboard_ca	https://www.signal49.ca/news-room
connexionfrance_com	https://www.connexionfrance.com/tag/news
cpd_org_au	https://cpd.org.au/news-media/
cpps_org_my	http://cpps.org.my/national-competitiveness/
csis_org	https://www.csis.org/analysis
csmonitor_com	http://www.csmonitor.com/The-Culture/Faith-Religion
csps_org_bn	http://www.csps.org.bn/press/events-organised/forums/
cuba_cu	http://www.cuba.cu/sites/politica
culturaitalia_it	http://www.culturaitalia.it/blog/category/news/
cumrapostasi_com	https://cumrapostasi.com/kat/gundem/
dailyexpress_com_my	http://www.dailyexpress.com.my/world/
dailyibrat_com	https://www.dailyibrat.com/news/category/latest-news/
dailyinqilab_com	https://www.dailyinqilab.com/national
dailynayadiganta_com	https://www.dailynayadiganta.com/latest/
dailynews_co_th	http://www.dailynews.co.th/news/
dailyqudrat_pk	https://dailyqudrat.pk/world/
dailysabah_com	https://www.dailysabah.com/politics
dailythepatriot_com	https://dailythepatriot.com/category/latest-news/
dainiknavajyoti_com	http://www.dainiknavajyoti.com/world/category-1
dantri_com_vn	http://dantri.com.vn/the-gioi.htm
darendehaber_com	https://darendehaber.com/haber/kategori/liste-22
data_blog	https://data.blog/category/data-engineering/
dawnnews_tv	https://www.dawnnews.tv/pakistan
dcinside_com	https://gall.dcinside.com
de_hujiang_com	https://de.hujiang.com/new/xinwen/
degisimmedya_com	http://www.degisimmedya.com/hkategori/41-guncel.html
desh_co_in	https://www.desh.co.in/latest-news
desh_tv	https://desh.tv/national
desidozz_com	https://desidozz.com/news/
detik_com	https://news.detik.com/
detiknews_com	https://news.detik.com/berita
deutschlandfunkkultur_de	https://www.deutschlandfunkkultur.de/politik-114.html
deutschlernerblog_de	https://deutschlernerblog.de/category/sprachniveaus/
deutschwortschatz_de	https://deutschwortschatz.de/wortschatzbilder-zum-geniessen/blog/
devbhoomimedia_com	https://www.devbhoomimedia.com/uttrakhand/national/
dex_com	http://dex.com/global_locations.jsp
dhakatimes24_com	https://www.dhakatimes24.com/national
diariodechimbote_com	https://diariodechimbote.com/
dict_com	https://www.dict.com/
dictionary_cambridge_org	https://www.dictionary.cambridge.org/dictionary/
diis_dk	https://www.diis.dk/en/region/arctic
diyarbakirsoz_com	https://www.diyarbakirsoz.com/resmi-ilanlar
dizionari_repubblica_it	https://www.repubblica.it/politica/
dizionario_internazionale_it	https://dizionario.internazionale.it/abbreviazioni/opinioni
dmpnews_org	https://dmpnews.org/category/%e0%a6%9c%e0%a6%be%e0%a6%a4%e0%a7%80%e0%a7%9f/
dn_pt	https://www.dn.pt/%C3%BAltimas
dohamagazine_qa	https://www.dohamagazine.qa/ar/article-list
doonhorizon_in	https://doonhorizon.in/latest-news/
dpa_com	https://www.dpa.com/en/about-dpa/ownership-management
dropbox_com	https://www.dropbox.com/business/solutions/marketing
dunya_com	https://www.dunya.com/rss
dwiz882am_com	https://www.dwiz882am.com/index.php/category/headlines/
ebanglalibrary_com	https://www.ebanglalibrary.com/genres/editors-choice/
ecentral_my	https://ecentral.my/kewangan/
echoroukonline_com	https://www.echoroukonline.com/world
efe_com	https://www.efe.com/efe/espana/1/inicio-america/
ekushey_tv_com	https://www.ekushey-tv.com/1/national/
el_carabobeno_com	https://www.el-carabobeno.com/secciones/noticias/nacional/
el_nacional_com	http://www.el-nacional.com/politica/
elbistaninsesi_com	https://www.elbistaninsesi.com/politika
elbyan_com	https://www.elbyan.com/category/%d8%a3%d8%ae%d8%a8%d8%a7%d8%b1-%d9%85%d8%b5%d8%b1/
elcomercioperu_com_pe	http://www.elcomercioperu.com.pe/politica/
elhadeth_mr	http://elhadeth.mr/inter
elikhbaria_com	https://www.elikhbaria.com/
elmundo_es	https://www.elmundo.es/internacional.html
elpais_com	https://elpais.com/internacional/
elperiodico_com	https://www.elperiodico.com/es/ultimas-noticias/
eltiempo_pe	https://eltiempo.pe/categoria/ultimas-noticias/
elwatannews_com	https://www.elwatannews.com/section/19
emaratalyoum_com	https://www.emaratalyoum.com/politics/news
ensonhaber_com	https://www.ensonhaber.com/gundem
epaper_pknewspapers_com	http://epaper.pknewspapers.com/indian.html
escambray_cu	http://www.escambray.cu/category/mundo/
esdm_go_id	http://www.esdm.go.id/id/reformasi-birokrasi/rubrik-berita
express_pk	https://www.express.pk/world
f5haber_com	https://www.f5haber.com/dunya
fairchildtv_com	https://www.fairchildtv.com/ch/news_archive_list.php
faz_com	http://www.faz.com/aktuell/politik/
faz_net	https://www.faz.net/aktuell/politik/
fc2_com	https://video.fc2.com/en/
fcpp_org	https://frontiercentre.org/news/
felesteen_ps	https://felesteen.ps/post/category/3/%D8%B9%D8%B1%D8%A8%D9%8A-%D9%88%D8%AF%D9%88%D9%84%D9%8A
femmeactuelle_fr	https://www.femmeactuelle.fr/actu
fesdc_org	https://www.fesdc.org/about/friedrich-ebert-stiftung/topics.html
fiia_fi	https://www.fiia.fi/en/en/news
forbes_com	http://www.forbes.com/news/
foreignaffairs_org	http://www.foreignaffairs.org/topics/geopolitics
fortune_com	http://www.fortune.com/section/latest/
forum_donanimhaber_com	https://forum.donanimhaber.com/anasayfa-haberleri--f189
fotospor_com	https://www.fotospor.com/spor-haberleri/
foxnews_com	https://www.foxbusiness.com/
france_air_com	https://www.france-air.com/construire-votre-projet/industrie/automobile/
francebleu_fr	https://www.francebleu.fr/infos
fraserinstitute_org	https://www.fraserinstitute.org/categories/health-care
freemalaysiatoday_com	http://www.freemalaysiatoday.com/news
french_xinhuanet_com	http://french.xinhuanet.com/monde/index.htm
fril_jp	https://fril.jp/category/10001
frontiermyanmar_com	https://www.frontiermyanmar.com/updates
futbolsayfasi_net	https://futbolsayfasi.net/futbol
gala_fr	https://www.gala.fr/l_actu
gapgundemi_com	https://www.gapgundemi.com/urfa-haber
gatra_com	http://www.gatra.com/category-234-Nasional.html
gazetevatan_com	https://www.gazetevatan.com/gundem/
gazzetta_it	https://www.gazzetta.it/Sport-Usa/
generaccion_com	http://www.generaccion.com/
geo_tv	https://www.geo.tv/latest-news
gercekgundem_com	https://www.gercekgundem.com/gazete-mansetleri
germany_travel	https://www.germany.travel/de/startseite.html/de/inspiring-germany/uebersicht.html
giornali_it	https://giornali.it/quotidiani-nazionali/
gnnhd_tv	https://gnnhd.tv/latest
googlynews_tv	https://googlynews.tv/section/latest-report-news-in-urdu/
guerrillero_cu	http://www.guerrillero.cu/category/cuba/
gunes_com	https://www.gunes.com/dunya
haaretz_com	https://www.haaretz.com/israel-news/israel-security
haaretzdaily_com	https://www.haaretzdaily.info/category/tie-world/tie-games/
haber3_com	https://www.haber3.com/yerel
haber7_com	https://www.haber7.com/gazete-mansetleri/dunya
haberler_com	https://www.haberler.com/dunya/
haberturk_com	https://www.haberturk.com/gundem
hakimiyet_com	https://www.hakimiyet.com/haberler/dunya/
hariansinggalang_co_id	https://www.hariansinggalang.co.id/berita
hatawtabloid_com	https://www.hatawtabloid.com/
hataygazetesi_com	https://www.hataygazetesi.com/saglik
heritage_org	https://www.heritage.org/global-politics
hindi_apnlive_com	https://hindi.apnlive.com/top-news/
hindi_digpu_com	https://hindi.digpu.com/category/politics-news
hindi_liveatnews_com	https://hindi.liveatnews.com/
hindi_nyoooz_com	https://www.hindi.nyoooz.com/news/lucknow/
hindi_thequint_com	https://hindi.thequint.com/opinion
hindi_webdunia_com	https://hindi.webdunia.com/latest-hindi-news
hindustantimes_com	https://www.hindustantimes.com/world-news
hitachi_co_jp	https://www.hitachi.co.jp/products/
hojemacau_com_mo	https://hojemacau.com.mo/seccao/entrevista/
hoover_org	https://www.hoover.org/publications/defining-ideas
hudson_org	http://www.hudson.org/foreign-policy
hudutgazetesi_com	http://www.hudutgazetesi.com/kategori/guncel/
hurriyet_com_tr	https://www.hurriyet.com.tr/gundem/
hurriyetdailynews_com	https://www.hurriyetdailynews.com/world/
id_mofcom_gov_cn	https://id.mofcom.gov.cn/mytz/index.html
id_wikipedia_org	https://id.wikipedia.org/wiki/Kategori:Penelitian
iedm_org	https://www.iedm.org/685-research-areas/
ifri_org	https://www.ifri.org/en/thematiques/economy
iiea_com	https://www.iiea.com/economics
iisd_org	https://www.iisd.org/articles/insights
ilmanifesto_it	https://ilmanifesto.it/sezioni/internazionale
ilmattino_it	https://www.ilmattino.it/primopiano/
ilmessaggero_it	https://www.ilmessaggero.it/politica/
ilsole24ore_com	http://www.ilsole24ore.com/sez/mondo
indonesian_cri_cn	http://indonesian.cri.cn/world
inextlive_com	https://www.inextlive.com/latest-news-hindi.html
infukuoka_info	http://www.infukuoka.info/
inkhabar_com	https://www.inkhabar.com/world/
inquirer_net	https://newsinfo.inquirer.net/
insideindonesia_org	http://www.insideindonesia.org/archive
interfax_com	https://interfax.com/newsroom/top-stories/
internationalaffairs_org_au	https://www.internationalaffairs.org.au/blog-post-type/analysis/
intimes_com_my	http://intimes.com.my/news2a/index.php/2018-07-09-11-40-04
io_gov_mo	https://www.bo.dsaj.gov.mo/pt/home/
ips_ubd_edu_bn	https://ips.ubd.edu.bn/category/news/
irna_ir	https://www.irna.ir/rss
irpp_org	https://irpp.org/media/?media_type=op-ed&display=grid
ispmyanmar_com	https://www.ispmyanmar.com/category/state-of-myanmar
israel21c_org	https://www.israel21c.org/latest/
israelhayom_co_il	https://www.israelhayom.co.il/news
istat_it	https://www.istat.it/statistiche-per-temi/economia/conti-nazionali/
istikbalgazetesi_com	http://www.istikbalgazetesi.com/guncel
iwanami_co_jp	https://www.iwanami.co.jp/magazine/
jagran_com	https://www.jagran.com/world-news-hindi.html
janes_com	http://www.janes.com/defence-intelligence/who-we-help
janoduniya_tv	http://janoduniya.tv/%e0%a4%a4%e0%a4%95%e0%a4%a8%e0%a5%80%e0%a4%95/
janokti_com	https://www.janokti.com/
japan_guide_com	https://www.japan-guide.com/news/
jasarat_com	https://www.jasarat.com/urdu/latest-news/
jianhuadaily_com	http://www.jianhuadaily.com/index.php/international
jnocnews_co_jp	http://www.jnocnews.co.jp/c/comment
jobkorea_co_kr	https://www.jobkorea.co.kr/recruit/joblist?menucode=local&localorder=1
jp_bank_japanpost_jp	https://www.jp-bank.japanpost.jp/news/2026/news_2026.html
jpfbj_cn	https://www.jpfbj.cn/mp/culture/
jpost_com	https://www.jpost.com/israel-news
jugantor_com	https://www.jugantor.com/latest
kadikoygazetesi_com	https://kadikoygazetesi.com/politika
kaliokalam_com	https://www.kaliokalam.com/category/%e0%a6%ac%e0%a6%bf%e0%a6%a6%e0%a7%87%e0%a6%b6%e0%a6%bf-%e0%a6%b8%e0%a6%be%e0%a6%b9%e0%a6%bf%e0%a6%a4%e0%a7%8d%e0%a6%af/
kampucheathmey_com	https://www.kampucheathmey.com/category/local-news/
kaowao_org	http://www.kaowao.org/category/%e0%b8%aa%e0%b8%a5%e0%b9%87%e0%b8%ad%e0%b8%95/
karar_com	https://www.karar.com/guncel-haberler
karennews_org	http://karennews.org/category/hotnews/
karrierebibel_de	https://karrierebibel.de/ausbildung-ohne-schulabschluss/
kbn_news	https://kbn.news/archives/category/%e1%9e%82%e1%9f%92%e1%9e%9a%e1%9f%84%e1%9f%87%e1%9e%90%e1%9f%92%e1%9e%93%e1%9e%b6%e1%9e%80%e1%9f%8b%e1%9e%85%e1%9e%9a%e1%9e%b6%e1%9e%85%e1%9e%9a
kddi_com	https://newsroom.kddi.com/news/index?category=newsrelease
kemenkopmk_go_id	http://www.kemenkopmk.go.id/index.php/berita-dan-artikel
kemenpora_go_id	http://www.kemenpora.go.id/berita
kemergozcu_com	https://www.kemergozcu.com/haberler/gundem/
kemhan_go_id	http://www.kemhan.go.id/category/foto
kentgazetesi_com	http://www.kentgazetesi.com/gundem/
khabreapki_com	https://khabreapki.com/category/news/
khamsablao_com	https://khamsablao.com/laostolaoswords/%e0%ba%9a%e0%ba%bb%e0%ba%94%e0%ba%84%e0%ba%a7%e0%ba%b2%e0%ba%A1/
khmer7news_com	https://khmer7news.com/archives/category/%e1%9e%96%e1%9f%90%e1%9e%8f%e1%9f%8c%e1%9e%98%e1%9e%b6%e1%9e%93%e1%9e%87%e1%9e%b6%e1%9e%8f%e1%9e%B7
khonumthung_org	https://khonumthung.org/category/headline/
kicnews_org	http://kicnews.org/category/%e1%81%82%e1%81%80%e1%81%82%e1%81%80-%e1%80%9b%e1%80%bd%e1%80%B1%E1%80%B8%E1%80%80%E1%80%B1%E1%80%AC%E1%80%80%E1%80%BA%E1%80%95%E1%80%BD%E1%80%B2/%e1%80%9b%e1%80%BD%e1%80%B1%E1%80%B8%E1%80%80%E1%80%B1%E1%80%AC%E1%80%80%E1%80%BA%E1%80%95%E1%80%BD%E1%80%B2%E1%80%9E%E1%80%90%E1%80%84%E1%80%BA%E1%80%B8/
kilispostasi_com	https://www.kilispostasi.com/dunya/
kirsehirgundem_com	http://www.kirsehirgundem.com/category/gundem/
kishoralo_com	https://www.kishoralo.com/golpo
kkp_go_id	http://www.kkp.go.id/news.html
kohsantepheapdaily_com_kh	http://kohsantepheapdaily.com.kh/category/politic
komchadluek_net	http://www.komchadluek.net/category/news
komisiyudisial_go_id	http://www.komisiyudisial.go.id/frontend/news
kompas_com	https://news.kompas.com?source=navbar
kosmo_com_my	http://www.kosmo.com.my/category/terkini/
kuzeyanadolugazetesi_com	http://www.kuzeyanadolugazetesi.com/category/gundem/
kuzeyhaber_com	http://www.kuzeyhaber.com/kategori/guncel/1
kyodo_co_jp	http://www.kyodo.co.jp/news/
lacuarta_com	https://www.lacuarta.com/mundo/
lademajagua_cu	https://lademajagua.cu/category/nacionales/
ladepeche_fr	https://www.ladepeche.fr/rss.xml
lahora_cl	http://www.lahora.cl/categoria/internacional/
lalonsain_wordpress_com	https://lalonsain.wordpress.com/
lanacion_com_ar	http://www.lanacion.com.ar/politica/
laoembassy_com	https://laoembassy.com/category/embassy/
laopost_com	https://laopost.com/politics
lapatilla_com	https://www.lapatilla.com/secciones/politica/
larousse_fr	https://www.larousse.fr/encyclopedie
lastampa_it	http://www.lastampa.it/politica/
latercera_com	http://www.latercera.com/canal/politica/
latimes_com	https://www.latimes.com/politics
lavanguardia_com	http://www.lavanguardia.com/politica
lechinois_com	http://www.lechinois.com/coursnet/coursnettitre.html/oracles/oracles-liste.php
ledauphine_com	https://www.ledauphine.com/france-monde
lefigaro_fr	https://www.lefigaro.fr/international
lepoint_fr	https://www.lepoint.fr/politique/
lercio_it	https://www.lercio.it/category/cultura/
library_metro_tokyo_lg_jp	https://www.library.metro.tokyo.lg.jp/search/research_guide/health_medical/
linternaute_com	https://www.linternaute.com/actualite/
liputan6_com	https://www.liputan6.com/news
livehindustan_com	https://www.livehindustan.com/international/
lowyinstitute_org	https://www.lowyinstitute.org/publications
macaupostdaily_com	https://www.macaupostdaily.com/news/list?tab=CORPORATE
macdonaldlaurier_ca	https://www.macdonaldlaurier.ca/category/issues/
magtheweekly_com	https://magtheweekly.com/category/fashion
make_it_in_germany_com	https://www.make-it-in-germany.com/de/arbeiten-in-deutschland/
malatyahaber_com	https://malatyahaber.com/kategori/son-dakika
manilatimes_net	https://www.manilatimes.net/world/feed
marca_com	https://www.marca.com/futbol.html
mb_com_ph	https://mb.com.ph/category/philippines
medicitalia_it	https://www.medicitalia.it/dizionario-medico/salute-benessere/emorroidi/
meridiano_com_ve	http://meridiano.com.ve/beisbol
midilibre_fr	https://www.midilibre.fr/actu/politique/
ministryofrailtransportation_com	http://www.ministryofrailtransportation.com/category/environment
mm_kunming_cn	https://mm.kunming.cn/yw/
mmpeacemonitor_org	https://www.mmpeacemonitor.org/en/eng-eros-profile/chin-national-front-cnf-cna/
mot_go_th	https://ops.mot.go.th/
motsavec_fr	https://www.motsavec.fr/a
msnbc_com	http://www.msnbc.com/world
myanmar_com	https://myanmar.com/news/
myanmar_yunnangateway_com	http://myanmar.yunnangateway.com/cityMini/site/en/News
myanmarcnn_com	http://www.myanmarcnn.com/search/label/International%20News
myanmarisis_org	http://www.myanmarisis.org/news/
myanmartravel_org	http://myanmartravel.org/history.html
myitkyinanewsjournal_com	https://www.myitkyinanewsjournal.com/category/politics-news/
mynet_com	https://www.mynet.com/spor/turkiye-super-lig-puan-durumu
mypaper_sg	http://mypaper.sg/category/top-stories/
mzamin_com	https://mzamin.com/category/%E0%A6%AC%E0%A6%BF%E0%A6%B6%E0%A7%8D%E0%A6%AC%E0%A6%9C%E0%A6%AE%E0%A6%BF%E0%A6%A8
na_gov_la	http://na.gov.la/%e0%ba%99%e0%ba%B4%e0%BA%95%e0%BA%B4%E0%BA%81%e0%BA%B3/%e0%BA%9A%E0%BA%B1%E0%BA%99%E0%BA%94%E0%BA%B2%E0%BA%81%E0%BA%BB%E0%BA%94%E0%BB%9D%E0%BA%B2%E0%BA%8D/
nationaljournal_com	http://nationaljournal.com/latest/news/
nationthailand_com	https://www.nationthailand.com/news/world
nationtv_tv	http://www.nationtv.tv/news/foreign
nayalook_com	http://www.nayalook.com/category/international/
nazrulgeeti_org	https://www.nazrulgeeti.org/index.php/all-song-list
nbcnews_com	https://www.nbcnews.com/science
netra_news	https://netra.news/tags/netra-report/
new_chinese_org	http://www.new-chinese.org/chinesische-nachrichten.html
news_eleven_com	https://news-eleven.com/world
news_thaipbs_or_th	https://news.thaipbs.or.th/news/world
newsarawaktribune_com	http://www.newsarawaktribune.com/category/law/
newsnationtv_com	https://www.newsnationtv.com/india
newspost_in	https://www.newspost.in/india-news
newstracklive_com	https://www.newstracklive.com/latest-news/
newsweek_com	http://www.newsweek.com/world
newyorker_com	http://www.newyorker.com/news
ngoisao_net	http://ngoisao.net/showbiz
nikkei_com	https://www.nikkei.com/business/column/
nintendo_co_jp	https://www.nintendo.com/jp/topics/
nixonfoundation_org	https://www.nixonfoundation.org/category/news/
nld_com_vn	http://nld.com.vn/thoi-su.htm
noticiasargentinas_com	https://noticiasargentinas.com/politica
npr_org	http://www.npr.org/sections/news/
nst_com_my	http://www.nst.com.my/newssummary
nybooks_com	https://www.nybooks.com/politics/
nydailynews_com	https://www.nydailynews.com/news/
nzherald_co_nz	http://www.nzherald.co.nz/latest-news/
observer_co_uk	http://www.observer.co.uk/sport
okaz_com_sa	https://www.okaz.com.sa/culture
okezone_com	https://news.okezone.com/
onedio_com	https://onedio.com/gundem
onepakistan_com_pk	https://onepakistan.com.pk/blog/
orientaldaily_com_my	http://www.orientaldaily.com.my/news/nation
ortadogugazetesi_com	https://www.ortadogugazetesi.com/gundem
owmpinternational_com	https://owmpinternational.com/sultan-haji-hassanal-bolkiah-institute-of-defence-and-strategic-studies-2/news/
padangekspres_co_id	http://www.padangekspres.co.id/category/teknologi/
paktodayinfo_com	https://paktodayinfo.com/category/national/
panasonic_jp	https://panasonic.jp/store/limited/refurbished/
pasteur_la	https://www.pasteur.la/activities-4/lao-japan-lab-parasitology-2024/
patrika_com	https://www.patrika.com/world-news
pattayamail_com	https://www.pattayamail.com/news
pealim_com	https://www.pealim.com/dict/prepositions/
perfil_com	https://www.perfil.com/seccion/politica/
periodico26_cu	http://www.periodico26.cu/index.php/es/del-mundo
pertanian_go_id	http://www.pertanian.go.id/?show=news&act=view_all
peugeot_fr	https://www.peugeot.fr/nos-vehicules/gamme/vehicules-electriques.html
pewresearch_org	https://www.pewresearch.org/topic/politics-policy/
philippinestoday_net	https://philippinestoday.net/archives/category/current-issues/charter-change
phnompenhpost_com	http://www.phnompenhpost.com/category/national/
piie_com	https://www.piie.com/research
pikiran_rakyat_com	http://www.pikiran-rakyat.com/news
pinoyparazzi_com	https://www.pinoyparazzi.com/category/career-life/
poesie_francaise_fr	https://www.poesie-francaise.fr/poemes-alfred-de-musset/
poorvanchalmedia_com	https://www.poorvanchalmedia.com/latest-news-hindi/
popcouncil_org	https://www.popcouncil.org/country/egypt/
portalangop_co_ao	http://www.portalangop.co.ao/
poskotanews_com	http://www.poskotanews.com/kanal/megapolitan/
postkhmer_com	http://www.postkhmer.com/category/international
posttoday_com	https://www.posttoday.com/category/latest-news
prachachat_net	https://www.prachachat.net/politics
probashirdiganta_com	https://www.probashirdiganta.com/news
progressive_org	http://www.progressive.org/latest
projet_voltaire_fr	https://www.projet-voltaire.fr/nos-solutions/entreprises/
prothomalo_com	https://www.prothomalo.com/world
prsgroup_com	https://www.prsgroup.com/explore-our-products/
ptvnews_ph	https://ptvnews.ph/category/nation/
publico_pt	https://www.publico.pt/politica
qiandaoribao_com	http://qiandaoribao.com/category/%e5%9b%bd%e5%86%85%e6%96%b0%e9%97%bb/
quotidiani_net	https://www.quotidiani.net/giornali_di_partito.htm
rab_co_jp	http://www.rab.co.jp/tv/
rainews_it	https://www.rainews.it/rss/cronaca
rakyatkalbar_com	http://rakyatkalbar.com/berita/kategori/nasional
rand_org	https://www.rand.org/topics/international-affairs.html
rashtrakundalininews_com	http://www.rashtrakundalininews.com/search
rasmeinews_com	http://www.rasmeinews.com/angka-main-guangzhou
raya_com	https://www.raya.com/%D8%B3%D9%8A%D8%A7%D8%B3%D8%A9
regionalsecurity_org_au	https://regionalsecurity.org.au/research-and-thought-leadership/occasional-papers/
republika_co_id	https://news.republika.co.id/
rimnow_net	https://rimnow.net/w/w/?q=ar/news
riotimesonline_com	https://riotimesonline.com/feed
risingbd_com	https://www.risingbd.com/national/
rnz_co_nz	https://www.rnz.co.nz/news/world
roma_corriere_it	https://roma.corriere.it/politica/
rsis_edu_sg	https://www.rsis.edu.sg/research/idss/research-programmes/indonesia-programme/
rtl_de	https://www.rtl.de/news/
rtve_es	http://www.rtve.es/noticias/ultimas-noticias/
sabanew_net	https://www.sabanew.net/category/ar/1/
sachalayatan_com	http://www.sachalayatan.com/%E0%A6%B2%E0%A7%87%E0%A6%96%E0%A6%BE%E0%A6%B0_%E0%A6%A7%E0%A6%B0%E0%A6%A8/%E0%A6%96%E0%A6%AC%E0%A6%B0/%E0%A6%B0%E0%A6%BE%E0%A6%9C%E0%A6%A8%E0%A7%80%E0%A6%A4%E0%A6%BF
salon_com	http://www.salon.com/category/news-and-politics
samaykhabar_com	https://www.samaykhabar.com/search/label/BREAKING%20NEWS
sana_sy	https://sana.sy/syria-news/
sananda_in	https://www.sananda.in/latest-news
sangbadpratidin_in	https://www.sangbadpratidin.in/category/kolkata/
sarabangla_net	https://sarabangla.net/news/
scmp_com	http://www.scmp.com/news/china/military
sederet_com	http://sederet.com/tutorial/c/
seehua_com	http://www.seehua.com/post/category/international
seslisozluk_net	https://www.seslisozluk.net/programlar/
sg_yahoo_com	https://sg.news.yahoo.com/sports/
sggp_org_vn	http://www.sggp.org.vn/chinhtri/
shangbao_com_ph	http://www.shangbao.com.ph/more/scroll.html
shangbaoindonesia_com	http://www.shangbaoindonesia.com/political
shueisha_co_jp	https://www.shueisha.co.jp/news/
siamrath_co_th	http://www.siamrath.co.th/variety/entertainment
siamsport_co_th	http://www.siamsport.co.th/football-international
sindonews_com	https://www.sindonews.com/nasional
sinonimi_contrari_it	https://www.sinonimi-contrari.it/pesante
sipri_org	https://www.sipri.org/news
smbc_co_jp	https://www.smbc.co.jp/kojin/open-account/
smh_com_au	https://www.smh.com.au/world/north-america
snuac_snu_ac_kr	http://snuac.snu.ac.kr/?page_id=44088
softbank_jp	https://www.softbank.jp/sbnews/archive/category/%E7%A4%BE%E4%BC%9A%E8%AA%B2%E9%A1%8C%E3%81%AB%E3%80%81%E3%82%A2%E3%83%B3%E3%82%B5%E3%83%BC%E3%82%92%E3%80%82
soha_vn	http://soha.vn/tin-moi-nhat.htm
somaliatoday_net	https://somaliatoday.net/category/news/%d8%a3%d8%ae%d8%a8%d8%a7%d8%b1%d8%a7%d9%84%d8%b9%d8%a7%d9%84%d9%85/
sondakika_com	https://www.sondakika.com/guncel/
sporx_com	https://www.sporx.com/futbol-superlig
sri_com	https://www.sri.com/research/
starmometer_com	https://starmometer.com/category/headline/
stimson_org	https://www.stimson.org/research/trade-tech/
straitstimes_com	http://www.straitstimes.com/world
suarakarya_online_com	http://www.suarakarya-online.com/category/kosmetik/
sudouest_fr	https://www.sudouest.fr/international/
sudsapda_com	http://www.sudsapda.com/pr-news
swa_co_id	http://swa.co.id/swa
tabla_com_sg	http://www.tabla.com.sg/culture/music
tag24_de	https://www.tag24.de/nachrichten/politik/deutschland
targetlaos_com	https://targetlaos.com/category/news/
tarimdanhaber_com	https://www.tarimdanhaber.com/guncel
tass_com	https://tass.com/middle-east-conflict
tatilcenneti_com	http://www.tatilcenneti.com/
tatsachen_ueber_deutschland_de	https://www.tatsachen-ueber-deutschland.de/de/politik-deutschland
technobaboy_com	https://www.technobaboy.com/category/news/
ted_com	https://www.ted.com/watch/ted-ed
telecom_paris_fr	https://www.telecom-paris.fr/news/newsroom?l=en
terra_com_pe	http://www.terra.com.pe/noticias/tendencias/
teznews_com	http://teznews.com/category/latest-news/
tg24_sky_it	https://tg24.sky.it/spettacolo
th_news_cn	http://th.news.cn/ssyw.htm
thaipost_net	http://www.thaipost.net/politics/
thairath_co_th	http://www.thairath.co.th/news
thanhnien_vn	https://thanhnien.vn/bien-dong/thoi-su.htm
thansettakij_com	http://www.thansettakij.com/category/latest-news
thawra_sy	http://thawra.sy/local_category/%d8%b3%d9%8a%d8%a7%d8%b3%d9%8a/
theage_com_au	http://www.theage.com.au/world/north-america
theatlantic_com	http://www.theatlantic.com/politics/
thebalitimes_com	http://www.thebalitimes.com/category/national/
theborneopost_com	https://www.theborneopost.com/news/nation/
thecic_org	https://thecic.org/cic-in-the-news/
thedailystar_net	https://www.thedailystar.net/news
thediliweekly_com	http://thediliweekly.com/category/headline-news/
theedgemalaysia_com	http://www.theedgemalaysia.com/categories/world
thefridaytimes_com	https://www.thefridaytimes.com/latest
theglobalist_com	http://www.theglobalist.com/global-issues/global-economy/
theglobeandmail_com	http://www.theglobeandmail.com/world/
theguardian_com	https://www.theguardian.com/world
theindiagram_com	https://theindiagram.com/category/travel-guides/
thejakartapost_com	http://www.thejakartapost.com/world
thejanmat_com	https://thejanmat.com/category/tie-world/
thelocal_fr	https://www.thelocal.fr/category/france-news
thenation_com	http://www.thenation.com/latest/
thenewscolumns_blogspot_com	https://thenewscolumns.blogspot.com/
thenewskhazana_com	https://thenewskhazana.com/news/
theportugalnews_com	https://www.theportugalnews.com/latest
therocket_com_my	http://www.therocket.com.my/cn/category/%e6%9e%97%e5%90%89%e7%a5%a5/
thesaigontimes_vn	https://thesaigontimes.vn/noi-bat-2/
thestar_com	http://www.thestar.com/news/world/
thestar_com_my	http://www.thestar.com.my/education/news
thethaiger_com	https://thethaiger.com/news
thevoiceofmp_com	https://www.thevoiceofmp.com/search/label/Madhyapradesh
timesofindia_indiatimes_com	https://timesofindia.indiatimes.com/world/rest-of-world
timesofmalwa_in	https://www.timesofmalwa.in/search/label/%E0%A4%B0%E0%A4%BE%E0%A4%B7%E0%A5%8D%E0%A4%9F%E0%A5%8D%E0%A4%B0%E0%A5%80%E0%A4%AF
timeturk_com	https://www.timeturk.com/politika
timorpost_com	https://timorpost.com/relijiaun/
tnp_sg	http://www.tnp.sg/sports
todayonline_com	http://www.todayonline.com/watch
tonite_abante_com_ph	https://tonite.abante.com.ph/category/news/
tourismcambodia_com	http://www.tourismcambodia.com/directory/business-services/
trabajadores_cu	https://www.trabajadores.cu/seccion/lenguaje-preciso/
trendyol_com	https://www.trendyol.com/butik/liste/2/erkek
tribuna_cu	http://www.tribuna.cu/cuba
tuoitre_vn	http://tuoitre.vn/video/moi-nhat.htm
turkgun_com	https://www.turkgun.com/gundem
tv9hindi_com	https://www.tv9hindi.com/world
tvn_cl	http://www.tvn.cl/noticias/deportes
ujjawalprabhat_com	https://ujjawalprabhat.com/breaking-news-hindi/
ummat_net	https://ummat.net/topnews/
un_org	https://news.un.org/en/news
unb_com_bd	https://unb.com.bd/latestnews
uol_com_br	http://www.uol.com.br/esporte/
urban_org	https://www.urban.org/
usatoday_com	https://www.usatoday.com/sports/mlb/
usdp_org_mm	http://www.usdp.org.mm/category/%e1%80%bb%e1%80%95%e1%80%8a%e1%80%B9%E1%80%90%E1%80%BC%E1%80%84%E1%80%B9%E1%80%B8%E1%80%9E%E1%80%90%E1%80%84%E1%80%B9%E1%80%B8%E1%80%99%E1%80%BA%E1%80%AC%E1%80%B8/%e1%80%80%e1%80%9A%e1%80%AC%E1%80%B8%E1%80%BB%E1%80%95%E1%80%8A%E1%80%B9%E1%80%94%E1%80%9A%E1%80%B9/
utusan_com_my	https://www.utusan.com.my/nasional/
vanguardia_cu	http://www.vanguardia.cu/
vayofm_com	https://www.vayofm.com/index.php?option=list&id=77
venceremos_cu	http://www.venceremos.cu/guantanamo-noticias-internacionales
versionfinal_com_ve	https://diarioversionfinal.com/categoria/politica-dinero/
vientianetimes_org_la	http://www.vientianetimes.org.la/Region_world/Reworld_Index.php
vientianetimeslao_la	https://www.vientianetimeslao.la/category/public/
viet_net	http://www.viet.net/news/
vietnamnet_vn	http://vietnamnet.vn/chinh-tri
vietnamonline_com	http://www.vietnamonline.com/destination.html
vishvasnews_com	https://www.vishvasnews.com/world/
vnexpress_net	http://vnexpress.net/tin-tuc-24h
voaindonesia_com	https://www.voaindonesia.com/BeritaDunia
voaportugues_com	http://www.voaportugues.com/z/2629
voh_com_vn	http://www.voh.com.vn/news/default.aspx/kien-thuc-01230804000000001.html
voici_fr	https://www.voici.fr/celebrites
vov_vn	http://vov.vn/chinh-tri
wafa_ps	https://wafa.ps/Pages/LastNews
wanbao_com_sg	http://www.wanbao.com.sg/news
watson_ch	https://www.watson.ch/deutschland/
webbangladesh_com	https://www.webbangladesh.com/category/1
wgtn_ac_nz	https://www.wgtn.ac.nz/strategic-studies/publications-and-research/publications-archive/discussion-papers
who_int	https://www.who.int/myanmar/news
wikisource_org	https://www.wikisource.org/wiki/Wikisource:News
wiktionary_org	https://ru.wiktionary.org/
wilsoncenter_org	https://www.wilsoncenter.org/press-room
wissen_de	https://www.wissen.de/technik-mobilitaet
wordreference_com	https://forum.wordreference.com
xinhuamyanmar_com	https://xinhuamyanmar.com/news/
yan_sg	https://www.yan.sg/news/
yemnews_net	https://yemnews.net/index.php/news
yenisafak_com	https://www.yenisafak.com/son-dakika
ynetnews_com	https://www.ynetnews.com/category/9733
yomiuri_co_jp	http://www.yomiuri.co.jp/politics/
youm7_com	http://www.youm7.com/Section/%D8%A3%D8%AE%D8%A8%D8%A7%D8%B1-%D8%B9%D8%A7%D8%AC%D9%84%D8%A9/65/1
yugatech_com	http://www.yugatech.com/category/news/
yupptv_com	https://www.yupptv.com/livetv/sections/popular-channel
zaobao_com	http://www.zaobao.com/news
